"B1__mean","B1__std","B1__rms","B1__mad","B1__p2p","B1__skew","B1__kurt","B1__crest","B1__imp","B1__spec_centroid","B1__spec_bandwidth","B1__rolloff_95","B1__spec_flatness","B1__spec_entropy","B1__dom_freq","B1__peak_ratio","B1__band_q1","B1__band_q2","B1__band_q3","B1__band_q4","B2__mean","B2__std","B2__rms","B2__mad","B2__p2p","B2__skew","B2__kurt","B2__crest","B2__imp","B2__spec_centroid","B2__spec_bandwidth","B2__rolloff_95","B2__spec_flatness","B2__spec_entropy","B2__dom_freq","B2__peak_ratio","B2__band_q1","B2__band_q2","B2__band_q3","B2__band_q4","B3__mean","B3__std","B3__rms","B3__mad","B3__p2p","B3__skew","B3__kurt","B3__crest","B3__imp","B3__spec_centroid","B3__spec_bandwidth","B3__rolloff_95","B3__spec_flatness","B3__spec_entropy","B3__dom_freq","B3__peak_ratio","B3__band_q1","B3__band_q2","B3__band_q3","B3__band_q4","B4__mean","B4__std","B4__rms","B4__mad","B4__p2p","B4__skew","B4__kurt","B4__crest","B4__imp","B4__spec_centroid","B4__spec_bandwidth","B4__rolloff_95","B4__spec_flatness","B4__spec_entropy","B4__dom_freq","B4__peak_ratio","B4__band_q1","B4__band_q2","B4__band_q3","B4__band_q4"
0.0198912993073463,1.01567459206445,1.01586937904358,0.806909799575806,8.01073169708252,0.0534206628799438,3.28088283538818,4.08377265716502,5.14144145906866,0.202149346558045,0.122990484447998,0.4365234375,0.709263727241347,6.59980964660645,0.04931640625,1.05248804644743,0.29048615694046,0.397560715675354,0.200059086084366,0.111443236470222,0.0339544266462326,1.0187178860174,1.0192836523056,0.810080647468567,7.0094141960144,0.125504240393639,3.05518674850464,3.95740628878008,4.98209408792713,0.206921375740051,0.127916046071751,0.44287109375,0.690033871516658,6.53540945053101,0.04638671875,1.19384361208589,0.285740613937378,0.355096042156219,0.237170189619064,0.121694654226303,0.0361697189509868,1.00175583462579,1.00240862369537,0.803408443927765,6.67674160003662,0.0636284947395324,2.86260867118835,3.37508777656106,4.21278757825446,0.220110990036478,0.125296390279175,0.44482421875,0.718388452552064,6.57181262969971,0.22021484375,1.12179052930341,0.242410093545914,0.394529640674591,0.221626579761505,0.14137601852417,0.0147128729149699,0.970821262405945,0.970932722091675,0.784446120262146,5.66572189331055,-0.0465285703539848,2.70207571983337,3.03466885324791,3.75665217079819,0.183337216142091,0.110579508367526,0.4248046875,0.572074764464804,6.3295259475708,0.1962890625,1.13547083540795,0.281958192586899,0.521772384643555,0.116702049970627,0.0784510821104049
-0.0048769600689411,1.00566494564874,1.00567674636841,0.795849680900574,8.01073265075684,0.0952410623431205,3.42380475997925,4.17109968637764,5.2712582891275,0.202054067923598,0.121815172830464,0.4345703125,0.698253931071316,6.59181308746338,0.04931640625,1.09189581622005,0.2905513048172,0.396526783704758,0.205678522586823,0.106997415423393,0.0237419120967388,1.03366947274072,1.03394210338593,0.818427383899689,8.24748611450195,0.117720067501068,3.18393707275391,4.03681121115889,5.10177595355965,0.208261201169361,0.126578335099866,0.44287109375,0.693883691276775,6.54439115524292,0.04638671875,1.28824487410074,0.276819676160812,0.352919459342956,0.252329558134079,0.117861025035381,0.0584280788898468,0.994663418339325,0.996378004550934,0.800117313861847,6.11134815216064,0.0953863263130188,2.78667330741882,3.30255091524476,4.11745782653668,0.221466689494495,0.124800365461746,0.44384765625,0.712531833639701,6.57637882232666,0.21923828125,1.39596925488799,0.23745521903038,0.39694157242775,0.219314455986023,0.146281540393829,0.0146757252514362,0.96793931822641,0.968050599098206,0.780726134777069,5.92409896850586,0.0032509677112102,2.76028299331665,3.28468608557303,4.07312490587359,0.184508933307721,0.11136937545382,0.43115234375,0.57795498466211,6.3412561416626,0.1962890625,1.57762958692634,0.278023689985275,0.521044075489044,0.118854597210884,0.0812495946884155
0.0209876038134098,1.02987396817072,1.03008782863617,0.813465237617493,8.01073169708252,0.132184281945228,3.40813636779785,4.02740375928763,5.10091410737894,0.201805866368655,0.123327960452543,0.439453125,0.706689235483275,6.59668922424316,0.03466796875,1.02035495195189,0.29462406039238,0.395834654569626,0.199030146002769,0.10976779460907,0.0323182456195354,1.04626751046045,1.0467666387558,0.825123190879822,8.32996082305908,0.12267991155386,3.20510196685791,4.02722722702784,5.11122890388642,0.206938146635039,0.126556908772317,0.44189453125,0.701619509124396,6.55745506286621,0.04638671875,1.45179402417949,0.280909657478333,0.349361658096313,0.253669559955597,0.115886621177197,0.0404611676931381,0.997009039925171,0.997829735279083,0.79740047454834,6.19008541107178,0.0774033665657043,2.88937997817993,3.35435004133453,4.19975178557854,0.221193058107287,0.126270778770703,0.44580078125,0.723315107537582,6.59064912796021,0.21923828125,1.7053733039834,0.242106273770332,0.387595593929291,0.220819562673569,0.148655727505684,0.0097739864140748,0.973878384636475,0.973927438259125,0.790249168872833,6.4620566368103,-0.0356142371892929,2.6973557472229,3.32869471489285,4.10253451544488,0.182239793577976,0.111331245403008,0.431640625,0.573758388770421,6.34257125854492,0.1962890625,1.61036397134207,0.288504779338837,0.516782701015472,0.113664999604225,0.0802836120128631
-0.0011081863194704,1.02435565094812,1.02435624599457,0.810569524765015,7.58346366882324,-0.039914920926094,3.31424999237061,4.02190406759863,5.08275072606991,0.198876975716582,0.122116942864293,0.43603515625,0.69403326589438,6.5902214050293,0.04931640625,1.02252471116949,0.293763518333435,0.409199595451355,0.190745130181313,0.105772659182548,0.0177876520901918,1.02523470024927,1.02538895606995,0.812558174133301,8.16662883758545,0.0851724743843078,3.19718933105469,4.03057714777124,5.08782471578334,0.205409311610693,0.12675810403276,0.44189453125,0.692509955508788,6.55838108062744,0.04638671875,1.61581967000877,0.286882638931274,0.3413205742836,0.259363114833832,0.112364143133163,0.0294427387416362,1.02440810303552,1.02483117580414,0.81572151184082,6.29156112670898,0.0589442923665046,2.938809633255,3.30153018664791,4.14929931908149,0.220603308957129,0.124910172881791,0.4423828125,0.715737873389041,6.57427215576172,0.22021484375,1.38586100136846,0.239286854863167,0.397893041372299,0.216797605156898,0.144933968782425,-0.0154539728537201,0.970880032585693,0.97100305557251,0.784113883972168,6.53229665756226,-0.0258494541049003,2.71198081970215,3.37501037052345,4.18006871370213,0.182025888651822,0.11191129628602,0.43115234375,0.581549106116865,6.35608959197998,0.197265625,1.09409349202143,0.293459951877594,0.51135927438736,0.115229979157448,0.0792900696396827
0.0084935296326875,1.00946664910181,1.00950241088867,0.802489995956421,6.75378227233887,0.0282939225435256,3.13008284568787,3.36708295999146,4.23588344770565,0.198791191607404,0.123281703803806,0.43701171875,0.706960624037017,6.59976053237915,0.04931640625,1.3342296799448,0.301621407270432,0.397894322872162,0.190207675099373,0.109671592712402,0.0429757349193096,1.03539157013757,1.03628301620483,0.821281433105469,7.81734848022461,0.109882220625877,3.13678741455078,4.04844326727835,5.11336253064917,0.206008806705295,0.126341126322559,0.44287109375,0.685555779889024,6.55057048797607,0.04638671875,1.38604734677207,0.284993797540665,0.342820793390274,0.261121094226837,0.110745161771774,0.0132551025599241,1.02671146492822,1.02679693698883,0.816867232322693,6.38590431213379,0.0159734226763248,2.9388427734375,3.16436453276859,3.97800938095475,0.218774639643627,0.124255108244815,0.44189453125,0.71290054968948,6.57438564300537,0.22021484375,1.38910073415509,0.241347596049309,0.405082553625107,0.211444824934006,0.141469597816467,-0.0152294253930449,0.946725786732269,0.946848273277283,0.767617225646973,6.32601356506348,-0.0298735462129116,2.66403913497925,3.35181100271367,4.13546749336444,0.182694715793122,0.109809668129577,0.4287109375,0.577993084009866,6.35759305953979,0.197265625,1.16811305138494,0.280435591936111,0.52435314655304,0.117285676300526,0.0774271488189697
-0.0022360533475875,0.988436580704285,0.98843914270401,0.790423333644867,7.21527481079102,-0.0343360900878906,3.0785756111145,4.14814918024883,5.18748159451675,0.199654613840308,0.123067751883506,0.43603515625,0.716613842489827,6.60630798339844,0.04931640625,1.23468920075607,0.300350338220596,0.396270215511322,0.195060595870018,0.107551828026772,0.0527236461639404,1.01167917351587,1.01305198669434,0.804532945156097,7.18134260177612,0.110925018787384,3.14948725700378,3.58357448185321,4.51842787039419,0.208206456264677,0.127488206098402,0.44384765625,0.671526671160053,6.52929401397705,0.04638671875,1.08132490679726,0.281965762376785,0.34289687871933,0.254324018955231,0.120285727083683,0.0026456359773874,1.04652273754938,1.0465259552002,0.825245797634125,6.60702800750732,0.007830686867237,3.07305455207825,3.1833540314518,4.03697166237852,0.218408828712103,0.124344763241553,0.44287109375,0.716908755666859,6.57577133178711,0.22021484375,1.26723754537078,0.243002682924271,0.400530993938446,0.216579675674438,0.1392622590065,-0.0176942814141511,0.953114033745361,0.953278303146362,0.774873197078705,5.75092124938965,-0.0647666528820991,2.56162476539612,3.32920244782554,4.09698990594151,0.181776149401429,0.109869738745925,0.42529296875,0.570366917065949,6.34045934677124,0.197265625,1.36908540515998,0.285326957702637,0.522437870502472,0.115636728703976,0.0762020349502563
-0.0217061787843704,0.992892504738403,0.993129730224609,0.793003022670746,7.6767692565918,-0.0871173366904258,3.09436440467834,4.1017489386108,5.13771308843096,0.197505001615848,0.121464304446163,0.42919921875,0.697628605356472,6.5819845199585,0.04931640625,1.18426439080895,0.304691821336746,0.398860037326813,0.195096150040626,0.101043589413166,0.0570687539875507,1.0084126005636,1.01002609729767,0.800759673118591,7.54381895065308,0.14074994623661,3.19969940185547,3.90952035873333,4.93728741205509,0.208116626811934,0.128163801310694,0.44384765625,0.686962867157307,6.54011917114258,0.04931640625,1.05415228995679,0.286069810390472,0.336327850818634,0.257138103246689,0.120306976139545,0.0172890610992908,1.04686534504755,1.04700803756714,0.827705025672913,6.58882713317871,0.087159052491188,3.01461124420166,3.16779870674587,4.00792867684709,0.219735994694615,0.125110423610292,0.44580078125,0.715771642528875,6.57339715957642,0.22021484375,1.50455425870368,0.24299544095993,0.396423995494842,0.216703832149506,0.143857941031456,-0.025005143135786,0.97252231936319,0.972843766212463,0.786239385604858,5.61350345611572,-0.0732625573873519,2.60803556442261,2.89255532704623,3.58011289376296,0.183354795359301,0.110430676843274,0.42724609375,0.575910434708014,6.33725786209106,0.1962890625,1.2586076261179,0.280596822500229,0.518157720565796,0.123393937945366,0.0776084959506988
-0.0253761615604162,1.02622974018915,1.02654337882996,0.804824352264404,7.92094326019287,-0.0087798219174146,3.50185751914978,3.86648914359503,4.93196235887392,0.200015907918715,0.11906544389102,0.42919921875,0.705963795604754,6.60535430908203,0.04931640625,1.18897259531761,0.286863207817078,0.419071316719055,0.197214275598526,0.0964672639966011,0.0370116606354713,0.98759663205011,0.988289952278137,0.780762672424316,7.40012741088867,0.139493644237518,3.18063402175903,3.88690115870416,4.92414541582468,0.205970768139923,0.127061579746352,0.443359375,0.694459616200483,6.55281639099121,0.04638671875,1.10217116198586,0.289160668849945,0.349078297615051,0.243897944688797,0.117853425443172,0.0152807030826807,1.04097259144647,1.04108476638794,0.82415109872818,6.60702800750732,0.115941390395164,3.05515933036804,3.18925343883889,4.02962668311341,0.222143123071387,0.124977053224936,0.4462890625,0.717469943881134,6.57529067993164,0.22021484375,1.00040807112313,0.236633837223053,0.397100925445557,0.218493968248367,0.14759287238121,-0.0196925625205039,0.954261780785156,0.954464912414551,0.772239446640015,5.58367109298706,-0.0577237382531166,2.66273903846741,3.05251870878962,3.77291580663209,0.181288241816526,0.109521632375118,0.42529296875,0.564339185268348,6.34272289276123,0.1962890625,1.05966153039018,0.282297015190125,0.527789294719696,0.113616161048412,0.0758177191019058
-0.0161668993532657,1.01487505535944,1.01500391960144,0.795900106430054,7.82067680358887,-0.0035025030374526,3.45705318450928,3.86094706630149,4.92529530152148,0.200513946189931,0.120223935603677,0.43017578125,0.695829593212623,6.58683252334595,0.03466796875,1.03585418215794,0.288318604230881,0.411527574062347,0.199090272188187,0.1008091121912,0.0254188552498817,0.981708766029907,0.982037782669067,0.782268762588501,7.40012741088867,0.127185106277466,3.11297059059143,3.9116472180738,4.91316184270717,0.204386887256799,0.128092250903392,0.44287109375,0.707351373140305,6.56963396072388,0.04638671875,1.55735654177912,0.298188298940659,0.335440456867218,0.249449580907822,0.116834908723831,0.0261868257075548,1.04698479275568,1.04731214046478,0.828792095184326,6.56911945343018,0.122224062681198,3.03073763847351,3.19456203110356,4.03801510741913,0.222904114195053,0.124967880394366,0.44677734375,0.725411001730574,6.58525276184082,0.22021484375,1.33203452907492,0.234777003526688,0.39784574508667,0.219320476055145,0.147584915161133,-0.0185136720538139,0.947027326630188,0.947208225727081,0.76637190580368,5.49228143692017,-0.0457624122500419,2.66395139694214,3.04451739559675,3.76326948435383,0.183266393868206,0.110623777434587,0.43017578125,0.571733314310616,6.33765506744385,0.197265625,1.11330428803309,0.287333607673645,0.519349932670593,0.11383929848671,0.078731819987297
-0.0056156888604164,1.03343892197473,1.03345417976379,0.811509788036346,7.95553255081177,0.0225923582911491,3.40098404884338,3.87410340690705,4.93388719010279,0.202151516336851,0.120182566457096,0.43408203125,0.695745647665368,6.58689785003662,0.04931640625,1.00278173387794,0.282494187355042,0.415608942508698,0.198791533708572,0.10272516310215,0.029772438108921,0.989771367119385,0.990219056606293,0.789716601371765,6.58431434631348,0.120276212692261,3.00372695922852,3.89230318128089,4.88254557293719,0.203368785116264,0.127669504365439,0.4404296875,0.704263167403637,6.56260871887207,0.04638671875,1.63301861038883,0.298546433448792,0.340153247117996,0.248488217592239,0.112545393407345,0.0187491886317729,1.01902830700739,1.01920080184937,0.811299920082092,6.85487937927246,0.0947128608822822,2.97278809547424,3.51033255184795,4.41064705305848,0.221903254023026,0.125788341121279,0.44677734375,0.713032822097629,6.5686559677124,0.22021484375,1.4680528576925,0.242335185408592,0.391831338405609,0.221078544855118,0.144366532564163,-0.0006956560537219,0.954310537384582,0.954310774803162,0.769137501716614,5.67811107635498,-0.0200938805937767,2.75396609306335,3.04349459460359,3.77626983465877,0.183852204462874,0.111096193910439,0.4296875,0.567571953948158,6.3200855255127,0.197265625,1.31033291799415,0.283596456050873,0.521904706954956,0.112931907176971,0.081010952591896
-0.0041589885950088,1.03346812825067,1.03347647190094,0.811945974826813,7.95553255081177,0.032620932906866,3.36856579780579,3.87401984231053,4.93139835044493,0.204013316358964,0.120103287832727,0.43310546875,0.695124599481775,6.58877182006836,0.04931640625,1.08458536481588,0.278651595115662,0.40842655301094,0.208103492856026,0.104618042707443,0.0223826467990875,0.989369035767151,0.989622175693512,0.791260600090027,6.49438285827637,0.0785093382000923,2.95640015602112,3.42080182848982,4.27982956806747,0.204758262083256,0.12786164155474,0.44091796875,0.691420453278203,6.54611110687256,0.04638671875,1.40327701910842,0.295218110084534,0.337964355945587,0.250340461730957,0.116253443062305,0.0243799984455108,1.00131046872003,1.00160729885101,0.799704194068909,6.7090311050415,0.103349648416042,2.98940658569336,3.50673849766485,4.39339554364536,0.218503920021819,0.125614995221989,0.4423828125,0.707008789393084,6.56071090698242,0.21923828125,1.2846510061715,0.248145014047623,0.399645566940308,0.213026523590088,0.138894826173782,-0.00736985495314,0.956756175564362,0.956784605979919,0.774440884590149,5.76070117950439,0.0097043458372354,2.73371362686157,3.03562518473007,3.75050888701487,0.181609607543967,0.108929516026275,0.42626953125,0.559934639368852,6.32115745544434,0.197265625,1.07888439493082,0.281676381826401,0.534964799880981,0.106350213289261,0.0766069889068603
-0.0267069675028324,1.01059639553888,1.01094925403595,0.803780317306519,8.19151210784912,0.034932155162096,3.14532661437988,4.5649535115509,5.74229308785746,0.197347583393371,0.124821529660949,0.43359375,0.701222912725239,6.6022253036499,0.04931640625,1.17776480617822,0.315616130828857,0.375061273574829,0.20001608133316,0.109053701162338,0.0282825622707605,0.983287275837494,0.983693957328796,0.789813756942749,6.49438190460205,0.127572655677795,2.94769477844238,3.47406796908482,4.32893242658718,0.199518078673417,0.130355698185261,0.443359375,0.690484045769905,6.56784200668335,0.04638671875,1.36551008269996,0.316724359989166,0.325170636177063,0.243103876709938,0.114761732518673,0.0245086010545492,1.01135075192316,1.01164758205414,0.806603133678436,6.74490737915039,0.0606784522533416,2.97147464752197,3.50832816959658,4.40162653849845,0.216338345711068,0.125651817972542,0.4423828125,0.720201127475104,6.58016538619995,0.220703125,1.09578267848133,0.255557894706726,0.390362322330475,0.220555812120438,0.133029595017433,-0.0062368968501687,0.946191729115082,0.946212291717529,0.766821384429932,5.66291189193726,-0.0088111367076635,2.7191481590271,3.10379085831634,3.8299553073552,0.180851226832841,0.108651989721509,0.4228515625,0.559360385003298,6.32901096343994,0.138671875,1.00316986767427,0.287328481674194,0.527187764644623,0.109837174415588,0.0755763500928878
0.009907679632306,1.0466046343313,1.04665160179138,0.828713178634644,8.64659595489502,0.0760536268353462,3.27455186843872,4.70789787646937,5.94606108229529,0.19915140772126,0.1231711199796,0.4326171875,0.699729236742778,6.58931303024292,0.2080078125,1.1183862874367,0.307147473096847,0.383838504552841,0.2033411860466,0.105560667812824,0.0262174606323242,1.00062072377069,1.00096416473389,0.801133394241333,6.55682754516602,0.135941609740257,2.96450614929199,3.44047658402057,4.300121890517,0.202615113423136,0.12991846673719,0.44384765625,0.685851051042803,6.54602146148682,0.04638671875,1.64951929123673,0.306088805198669,0.32439374923706,0.252351582050323,0.116671845316887,0.007476897444576,0.999951900051666,0.999979853630066,0.79820454120636,6.46819400787354,0.0422300994396209,2.9723687171936,3.37598091512381,4.22964127368444,0.217817229732343,0.125234450901364,0.4423828125,0.716244171835388,6.56568241119385,0.21923828125,1.33330667052981,0.247844457626343,0.390856266021729,0.228733286261559,0.132253810763359,0.0086443126201629,0.970503271626068,0.970541775226593,0.784397840499878,5.8455867767334,-0.0235088318586349,2.77252697944641,3.10117951611776,3.83719723936541,0.180544888019394,0.109522842483807,0.42138671875,0.567438547946976,6.33449792861938,0.138671875,1.16568782581938,0.294712781906128,0.513561248779297,0.115122422575951,0.0761475935578346
-0.0078392503783106,1.02773428063257,1.02776420116425,0.808744132518768,8.76837921142578,0.0229359734803438,3.36367464065552,4.85269971346004,6.16711782119863,0.197537610309202,0.123827712892392,0.43212890625,0.697327964551483,6.59237289428711,0.2080078125,1.27855550817662,0.313868761062622,0.37682718038559,0.203833758831024,0.105038359761238,0.026873629540205,0.981293560074402,0.9816614985466,0.787762522697449,6.94032049179077,0.0659758895635604,2.97974348068237,3.94916751102771,4.92282693790839,0.200984553192134,0.130220399611672,0.44384765625,0.695215447733936,6.56295776367188,0.04638671875,1.57849566667078,0.314704060554504,0.321174740791321,0.245822966098785,0.117797039449215,0.0068741277791559,1.01080799202783,1.01083135604858,0.806233704090118,6.26415395736694,0.0377225950360298,2.9738450050354,3.39665483394793,4.25869361213747,0.218548527241193,0.12465564153264,0.43994140625,0.720831985173589,6.58312606811523,0.21923828125,1.4445377704659,0.242555022239685,0.390661269426346,0.232584446668625,0.133584082126617,-0.0091315628960728,0.962883652256561,0.962926983833313,0.783331692218781,5.91930103302002,-0.0569180846214294,2.68920946121216,3.18842722714552,3.91944133471717,0.179915204291353,0.108754433188282,0.41552734375,0.565826041688501,6.35060739517212,0.138671875,1.30385704268602,0.300391137599945,0.507658720016479,0.119143843650818,0.0726084560155868
0.0148070063441991,1.07338786225183,1.07349002361298,0.835456967353821,11.5523290634155,0.0220262762159109,4.17801666259766,5.58924616198755,7.18219546635224,0.201480608589489,0.12386629626436,0.43359375,0.714361393132657,6.60718631744385,0.04931640625,1.03496428641756,0.303945958614349,0.37605157494545,0.210106566548347,0.109432026743889,0.0365160889923572,0.989467025803162,0.990140676498413,0.793314814567566,7.11748361587524,0.142364859580994,2.98773813247681,3.97695132529121,4.9686703950621,0.204028518051104,0.129610155273509,0.4443359375,0.710744659875744,6.56226778030396,0.04638671875,1.44568284046559,0.302372872829437,0.324425518512726,0.253954499959946,0.119028173387051,-0.0007336076814681,1.00105583767755,1.00105619430542,0.799551606178284,5.99547386169434,0.0139427054673433,2.946941614151,3.17282232851431,3.97244333079603,0.222812167002647,0.125740271593329,0.44384765625,0.722472310948719,6.57598686218262,0.22021484375,1.07663449858514,0.23910516500473,0.377266347408295,0.239376127719879,0.143719375133514,-0.0099717183038592,0.955304564045502,0.955356597900391,0.777424275875092,5.85308027267456,-0.062838040292263,2.65896224975586,3.29471012787967,4.04924079149234,0.182386374373244,0.111994405998843,0.42529296875,0.584668744413615,6.37507390975952,0.138671875,1.00103289628535,0.299528449773788,0.494260042905807,0.126600921154022,0.0795066431164741
0.0163766890764236,1.10999405484064,1.11011493206024,0.859118223190308,11.855806350708,-0.0642752647399902,4.18365001678467,5.40484576985183,6.98533557099971,0.201649835016021,0.121598089885256,0.431640625,0.705635650253008,6.60829019546509,0.04931640625,1.12673193406008,0.295508503913879,0.393690258264542,0.206911340355873,0.103578209877014,0.0489840097725391,0.990016580627991,0.991227626800537,0.795454621315002,7.11748313903809,0.146011397242546,3.00885963439941,3.98555120331241,4.97081485242815,0.204933122188343,0.127343320282379,0.44384765625,0.697181671387396,6.5589599609375,0.04638671875,1.34655877908987,0.291137456893921,0.33831661939621,0.256151258945465,0.114028796553612,-0.005626693367958,1.00381755928857,1.00383329391479,0.803290247917175,6.39517211914062,0.0229825098067522,2.91061782836914,3.22448176590047,4.02958096661445,0.225732051829247,0.124213857060307,0.44580078125,0.730587822799704,6.58922004699707,0.21923828125,1.43120092823079,0.223797038197517,0.395989298820496,0.233411550521851,0.146308928728104,-0.0211541056632995,0.92932254176004,0.929563224315643,0.759422898292542,5.87871932983398,-0.0608574450016021,2.61123776435852,3.20791423684538,3.92777857385184,0.18207772396796,0.110960955644069,0.4287109375,0.587001489506272,6.39198875427246,0.1962890625,1.5620169631044,0.286750078201294,0.514010548591614,0.119360506534576,0.0795438438653945
-0.0164543054997921,1.10341024498804,1.10353291034698,0.850814402103424,11.5928573608398,-0.159282356500626,4.10575294494629,5.43708297079815,7.05259990413194,0.200106770874006,0.121639252778421,0.43115234375,0.700014818691571,6.59761142730713,0.04931640625,1.00936038497962,0.3003089427948,0.389317214488983,0.207808956503868,0.102002345025539,0.0506200492382049,0.98685759405954,0.988154947757721,0.792949855327606,7.12312602996826,0.153878480195999,2.96046304702759,3.92321640013027,4.89479917782005,0.205322341824241,0.127901127256382,0.443359375,0.693525117901505,6.55589199066162,0.04638671875,1.90311851930427,0.292636573314667,0.329546332359314,0.262634515762329,0.115064829587936,-0.015350860543549,0.997279943035675,0.997398018836975,0.799652099609375,6.39854717254639,0.0176458451896905,2.88058376312256,3.32642051609764,4.14952366032371,0.223536697510225,0.125530502405485,0.4453125,0.735889383007712,6.5976037979126,0.2197265625,1.10333670911871,0.239852964878082,0.382729828357696,0.228366032242775,0.148740738630295,-0.0159192755818367,0.900908173130585,0.90104877948761,0.737946152687073,5.5817551612854,-0.0505539774894714,2.57261657714844,3.11646169651133,3.80580716875407,0.181965188281635,0.111794443836213,0.42724609375,0.582171846795588,6.38010358810425,0.1962890625,1.28004679357828,0.295104265213013,0.501127004623413,0.122924484312534,0.0803597867488861
0.0085674971342086,1.09710168938501,1.09713518619537,0.846368908882141,11.3808441162109,-0.107543990015983,4.02176284790039,5.42906524534885,7.03803230979888,0.201049983448042,0.122683743034981,0.43408203125,0.704834617618003,6.60255336761475,0.22021484375,1.04006249473662,0.299404352903366,0.383782029151917,0.21170112490654,0.104483723640442,0.0501973554491996,0.989189268158508,0.990462124347687,0.791278839111328,6.55500221252441,0.226022392511368,2.94061183929443,3.4049294801569,4.26568283296798,0.203596399536251,0.129724917532393,0.4443359375,0.695777805909839,6.56370258331299,0.04638671875,1.87729147408712,0.302121579647064,0.320846110582352,0.259324073791504,0.117692723870277,-0.0148115549236536,1.00448632340295,1.00459539890289,0.802034616470337,6.33011436462402,-0.00109504442662,2.94005107879639,3.28162866462221,4.11095052967851,0.2230565748964,0.125762942800317,0.44580078125,0.726134695048581,6.59313869476318,0.2197265625,1.03141981823012,0.239182531833649,0.385330438613892,0.227429538965225,0.147672012448311,-0.0040907626971602,0.932092548416687,0.932101547718048,0.76394510269165,5.75802135467529,-0.0210807546973228,2.57044315338135,3.10777321342298,3.79204166360341,0.181484864245177,0.111903619337261,0.4287109375,0.587296044671409,6.38308095932007,0.197265625,1.16067423716163,0.296271234750748,0.50347238779068,0.118875652551651,0.0810339897871017
0.0120392423123121,1.07711827854974,1.07718551158905,0.837701499462128,7.98147439956665,-0.0316528975963592,3.37609314918518,3.90480525112741,5.02196530061185,0.199750152054947,0.120481927049872,0.43017578125,0.702746539250662,6.60397386550903,0.04931640625,1.06465498882273,0.293054610490799,0.398481130599976,0.209734216332436,0.0981805622577667,0.0320527330040931,0.982814134167267,0.983336687088013,0.786958396434784,6.43014526367188,0.168113365769386,2.88571453094482,3.34467886362772,4.18064192527561,0.2060029551725,0.129778380520856,0.4443359375,0.694419880781527,6.55874729156494,0.04638671875,1.53048958670091,0.293980717658997,0.324604690074921,0.26038846373558,0.120764620602131,-0.0154070351272821,1.02316832642419,1.02328431606293,0.812896251678467,6.54219150543213,0.0127943791449069,2.97298836708069,3.2885112860779,4.1403418619361,0.222114607787142,0.124509716510485,0.443359375,0.73310782792846,6.60313034057617,0.22021484375,1.14215929435885,0.240300729870796,0.384537726640701,0.233277380466461,0.141546905040741,-0.0028988867998123,0.918134273098541,0.918138802051544,0.750638604164124,5.6980414390564,-0.0159947853535413,2.58658146858215,3.137474854269,3.83771239955718,0.181311341518918,0.110488364410791,0.42529296875,0.568114117859789,6.36257171630859,0.19677734375,1.11351615747404,0.29435670375824,0.510652303695679,0.11598028242588,0.0788361877202987
0.0296226553618907,1.06217932801111,1.06259226799011,0.831959128379822,7.19764757156372,0.0759194418787956,3.16465282440186,3.50422104145705,4.47758313788174,0.200442272826371,0.120758896826648,0.43017578125,0.701481688076663,6.5899248123169,0.04931640625,1.33870688700464,0.291968822479248,0.39491331577301,0.212916523218155,0.0998800992965698,0.0255443304777145,0.981802643345428,0.982134878635406,0.783345937728882,6.01902770996094,0.146778732538223,2.83657145500183,3.34877188774436,4.20065543679541,0.206724720153041,0.128508137073074,0.44384765625,0.6963962107409,6.54559326171875,0.04638671875,1.34699051768516,0.285704135894775,0.334110617637634,0.26147997379303,0.118614189326763,-0.0052621397189795,1.02489602665765,1.02490961551666,0.812117993831635,6.48635196685791,0.0067033693194389,3.06127262115479,3.31242531719311,4.18040197463687,0.220267887558327,0.12534788263044,0.4443359375,0.717089338056661,6.57841539382935,0.22021484375,1.52659050894318,0.251220881938934,0.373659074306488,0.231192648410797,0.143379911780357,0.0209534112364053,0.967085243271423,0.967312216758728,0.786156356334686,6.04043865203857,0.0231400579214096,2.67982387542725,3.16101775737333,3.88962112111252,0.181285122222451,0.10944523075674,0.419921875,0.566722534789468,6.35381269454956,0.197265625,1.28220098825988,0.291368365287781,0.517130851745605,0.116693712770939,0.0745984464883804
0.0144514916464686,1.03295135598047,1.03305244445801,0.813411593437195,7.00571060180664,0.132506459951401,3.19600105285645,3.48218920967091,4.42392317638889,0.204096219622129,0.120536405992427,0.43310546875,0.698067186534778,6.5957407951355,0.04931640625,1.23537278554736,0.27747255563736,0.401776283979416,0.215993776917457,0.104609221220016,0.0121823828667402,0.997429193066193,0.997503578662872,0.791487276554108,6.81103420257568,0.0889011770486831,2.97019815444946,3.65932054884159,4.61270688387499,0.206010710789135,0.128641701701201,0.4443359375,0.686640188511405,6.55076885223389,0.04638671875,1.25003317160334,0.28980016708374,0.33163195848465,0.26027724146843,0.118084281682968,0.0021125120110809,1.0383540401922,1.03835606575012,0.817448973655701,6.96849536895752,0.0274434834718704,3.16118192672729,3.53139444381032,4.48573934364987,0.220424479089171,0.124920848189011,0.44580078125,0.718829121928062,6.57907247543335,0.22021484375,1.27848367064267,0.244858980178833,0.380404591560364,0.233807146549225,0.140169054269791,0.0229724273085594,0.931124032543732,0.931407392024994,0.758939146995544,5.79481840133667,0.0118804862722754,2.63212203979492,3.17697299930376,3.89936847484296,0.182894160732555,0.109987240308847,0.42431640625,0.577610815199908,6.36706256866455,0.197265625,1.10863248084307,0.285324811935425,0.520633816719055,0.11675038933754,0.076898381114006
0.0134898200631141,1.03404867749078,1.03413665294647,0.816594898700714,7.29349327087402,0.0522488951683044,3.16517782211304,3.57419803095706,4.52731761031296,0.20471638004716,0.12103809426672,0.4326171875,0.709737705800987,6.6066951751709,0.04931640625,1.25009943953884,0.279485702514648,0.392635375261307,0.221887528896332,0.105942338705063,0.0248168222606182,1.0171445618139,1.01744735240936,0.807004332542419,7.23424434661865,0.116539917886257,3.06775403022766,3.60059013348219,4.54196547578074,0.205855225973931,0.128627785909415,0.44384765625,0.701716920666068,6.56653070449829,0.04638671875,1.57971828640891,0.292535245418549,0.327558219432831,0.263241589069366,0.116467207670212,-0.0075220810249447,1.0334198484884,1.033447265625,0.816173911094666,6.96849536895752,0.0002103447914123,3.07450294494629,3.54816831321562,4.49301035135459,0.220787861166289,0.124538885881327,0.443359375,0.725176168984307,6.59124374389648,0.21875,1.11273062676118,0.243111059069633,0.378911674022675,0.237706407904625,0.140146434307098,0.0138960648328065,0.93931382994516,0.939416587352753,0.761885941028595,5.79481840133667,0.0186114311218261,2.6777822971344,3.14988704231948,3.88434151001291,0.182058968827447,0.111301993395861,0.42578125,0.589065832464208,6.40271759033203,0.197265625,1.05659172918605,0.291732847690582,0.510363876819611,0.117786392569542,0.0798452645540237
-0.0025740601122379,1.02654230694635,1.02654552459717,0.810820937156677,7.02002906799316,-0.0191445983946323,3.12484121322632,3.57054275388863,4.52060835450515,0.204528333661584,0.122823371909071,0.4345703125,0.7015603236355,6.59856843948364,0.04931640625,1.28284898928023,0.28449010848999,0.387105971574783,0.219183713197708,0.109027847647667,0.0286755114793777,1.03425204853876,1.03464949131012,0.818325221538544,7.64645528793335,0.176615327596664,3.26897192001343,3.90496203853606,4.94019331042548,0.206238648571077,0.128616744665582,0.44384765625,0.707746102167059,6.57662343978882,0.04638671875,1.86690744689538,0.292598068714142,0.322369575500488,0.267892837524414,0.117014490067959,-0.0193656273186206,1.03629434208734,1.03647541999817,0.820826768875122,6.96849536895752,-0.0390421822667121,3.0271463394165,3.53780202649359,4.46865123983708,0.220853721479104,0.124672289867472,0.443359375,0.722859999766108,6.58090877532959,0.04638671875,1.01727872306573,0.240198850631714,0.383406430482864,0.237355470657349,0.138893947005272,0.0149088781327009,0.937854529427124,0.937973022460938,0.761820912361145,5.89635467529297,-0.0122174313291907,2.69846177101135,3.15473480044657,3.88448587818635,0.183130046717688,0.112886940450598,0.427734375,0.596543250763028,6.40396595001221,0.197265625,1.14710203993578,0.291774690151215,0.504431188106537,0.120681941509247,0.0824912935495376
-0.0140750026330351,1.03184187512262,1.03193795681,0.816173195838928,7.34839916229248,-0.0136980824172496,3.1026759147644,3.56908518236021,4.51268932303652,0.205033630420319,0.122513402772633,0.435546875,0.710029158536128,6.60375595092773,0.04931640625,1.23755601646795,0.284057348966599,0.385830223560333,0.221909508109093,0.107821241021156,0.0209253430366516,1.03413391213281,1.03434562683105,0.81322181224823,7.62872314453125,0.208893477916718,3.45105481147766,3.88365464915562,4.94089765293414,0.205276324582226,0.128627418095641,0.443359375,0.691960383160298,6.55934429168701,0.04638671875,1.68610130215808,0.296178460121155,0.321678280830383,0.265968203544617,0.115931667387486,-0.0151091869920492,1.02715146641595,1.02726268768311,0.816487550735474,6.74490737915039,-0.0009847898036241,2.98575115203857,3.45499937927423,4.34809238825032,0.220965412969971,0.123389074418031,0.43994140625,0.719768572238713,6.58068656921387,0.04638671875,1.00664634439643,0.237634867429733,0.392622768878937,0.234200030565262,0.135441452264786,-0.0103051885962486,0.932208717869354,0.932265639305115,0.758697390556335,5.89635467529297,-0.0539601817727088,2.65491008758545,3.17404826592543,3.90069756059369,0.183372918406499,0.111907458198852,0.427734375,0.594973772709827,6.40794610977173,0.13916015625,1.01736310465111,0.283278524875641,0.514067113399506,0.119841985404491,0.082207515835762
-0.0033844113349914,1.03334248165948,1.03334808349609,0.820869505405426,7.34839820861816,-0.0664231106638908,3.00969290733337,3.58139124598968,4.5086551701825,0.203909240910386,0.120451301957643,0.4306640625,0.699131511067465,6.59745359420776,0.04931640625,1.35717335250026,0.278895199298859,0.398059785366058,0.222442150115967,0.100455611944199,0.0240324866026639,1.01482772927148,1.01511228084564,0.803163170814514,7.37443256378174,0.247773960232735,3.33414363861084,3.83482238052248,4.84762130703969,0.203478400091833,0.128949181476657,0.44140625,0.696033699621409,6.56225061416626,0.04638671875,1.41721338359939,0.303131461143494,0.321292132139206,0.26039069890976,0.114963605999947,-0.009188269264996,1.0204838524328,1.02052521705627,0.812549352645874,7.41939878463745,0.0019442439079284,3.02516794204712,3.85305297523828,4.83938371448538,0.221352272803557,0.124628940207922,0.4404296875,0.714211920789721,6.57100009918213,0.21923828125,1.25834057214113,0.240326836705208,0.382795721292496,0.236114308238029,0.140425503253937,-0.020426470786333,0.961961210774017,0.96217805147171,0.779397487640381,6.09289979934692,-0.0743850842118263,2.74583029747009,3.1778851407214,3.92385031709625,0.183536957723932,0.112325950810924,0.42724609375,0.583695166986383,6.38559341430664,0.197265625,1.09284034379901,0.281048357486725,0.514318704605103,0.122914642095566,0.0808946192264556
0.0225091911852359,1.01489269833429,1.01514220237732,0.806008577346802,7.86905908584595,0.0235818997025489,3.10281419754028,4.01213391919844,5.053293128764,0.204242404000853,0.12120701813868,0.4345703125,0.696994908772728,6.58193683624268,0.04931640625,1.12376524380328,0.281527280807495,0.398745000362396,0.215381875634193,0.10404709726572,0.0243806447833776,1.018714428948,1.01900613307953,0.803992867469788,6.82199239730835,0.263847768306732,3.32853174209595,3.82016865941761,4.84257082688243,0.206112274757327,0.129033959696042,0.4423828125,0.694324539641147,6.54627323150635,0.04638671875,1.28832835609569,0.299249976873398,0.31094041466713,0.274273723363876,0.115403309464455,0.0222818776965141,1.03888416390283,1.03912305831909,0.825005352497101,7.49917697906494,0.0679426193237304,3.12024021148682,3.80035301596141,4.78755281263276,0.2209709308082,0.125043753603457,0.44189453125,0.716371611557448,6.56602478027344,0.2197265625,1.2278255384695,0.243667513132095,0.379059225320816,0.23661595582962,0.140580773353577,-0.0315942987799644,0.973291338490082,0.973803997039795,0.787058651447296,6.03975820541382,-0.12882587313652,2.82135677337646,3.3608540202436,4.15978972727823,0.182530634657747,0.111710202724176,0.423828125,0.586087525588979,6.37035655975342,0.138671875,1.25250009925159,0.290070593357086,0.506622195243835,0.124492898583412,0.0780384987592697
0.0199034661054611,1.04431188206537,1.04450154304504,0.824091076850891,8.07613849639893,0.0389720797538757,3.22079825401306,4.00197308104474,5.07365294274913,0.200929889926953,0.118300652768079,0.42529296875,0.684121546050733,6.58270359039307,0.04931640625,1.0841938721751,0.279704749584198,0.417822957038879,0.208149984478951,0.0942095592617988,0.0251271538436412,1.01580917935236,1.01611995697021,0.804759204387665,6.82199192047119,0.209419324994087,3.13253164291382,3.83101919041378,4.83811576670456,0.20729911599209,0.129120446899485,0.44384765625,0.699668774502458,6.56189584732056,0.04638671875,1.44087116575835,0.291520357131958,0.318500101566315,0.2690269947052,0.120696276426315,0.0151150282472372,1.02167308430536,1.02178478240967,0.81186318397522,7.34129905700684,0.07227224111557,3.09955930709839,3.8008461171722,4.78510820243744,0.222212834671437,0.124654495571493,0.443359375,0.720283581452579,6.5760703086853,0.21923828125,1.3404317774177,0.236744612455368,0.385497212409973,0.234013378620148,0.14302521944046,-0.0294577367603778,0.985572219894958,0.98601233959198,0.796608567237854,5.90554046630859,-0.0785601511597633,2.78050994873047,3.24548016535487,4.0184908125512,0.180449016465612,0.109500513107953,0.4208984375,0.588428812842284,6.39728260040283,0.1962890625,1.37728271470282,0.287200570106506,0.517316818237305,0.121150150895119,0.07397922873497
0.0271576400846242,1.03545761208398,1.03581368923187,0.820440292358398,8.07613849639893,0.0270877201110124,3.25329518318176,4.03553950077856,5.09546902376306,0.203351051050451,0.119675773327222,0.4296875,0.687233855555057,6.58621978759766,0.03466796875,1.03913171344012,0.274170219898224,0.410534918308258,0.215395897626877,0.0998583957552909,0.0327043384313583,0.987169743584228,0.987711310386658,0.786807298660278,6.29315567016602,0.202985748648643,3.01076221466064,3.48746530191818,4.38198681461851,0.20713591008985,0.129282407635481,0.4443359375,0.697950366789556,6.56661081314087,0.04638671875,1.70905000240729,0.296112507581711,0.318434357643127,0.262974560260773,0.122389741241932,0.0242398604750633,1.04939496617181,1.04967498779297,0.826880574226379,7.58525609970093,0.044089313596487,3.16782569885254,3.83084664891653,4.86513702606955,0.221333500302172,0.12408355824525,0.44384765625,0.715853559541229,6.58041667938232,0.22021484375,1.06112468007736,0.238352656364441,0.38638299703598,0.236460864543915,0.13822466135025,-0.014941107481718,0.974011362598968,0.974125981330872,0.786418676376343,5.90554141998291,-0.0743872001767158,2.74512767791748,3.26969522378549,4.051028509699,0.179325344247833,0.109342868101966,0.41943359375,0.58215330147272,6.39116334915161,0.13916015625,1.32844485452714,0.298840522766113,0.507817506790161,0.120911404490471,0.0723985880613327
0.0083115305751562,1.03634858231409,1.03638195991516,0.818184554576874,8.07613849639893,0.0934048816561698,3.24175071716309,4.00763716109264,5.07747070326373,0.202344072317135,0.120521568771091,0.431640625,0.697510831006592,6.59438800811768,0.03466796875,1.10621895518725,0.277089267969131,0.410395950078964,0.210040360689163,0.102432116866112,0.0337270870804786,1.00747192005975,1.00803637504578,0.798389971256256,6.56809949874878,0.18607833981514,3.05318331718445,3.56644010269634,4.50786629276477,0.206316559235904,0.128748632271363,0.4443359375,0.69918282106792,6.56759834289551,0.04638671875,1.68315785912607,0.293654441833496,0.324735105037689,0.261171579360962,0.119978405535221,0.0263840947300195,1.05514633755548,1.05547618865967,0.833082437515259,6.62432813644409,0.0560609214007854,3.06017541885376,3.2023364388086,4.05805221810963,0.221937174546146,0.124830756026077,0.44384765625,0.710283441352335,6.57158327102661,0.22021484375,1.01609623335316,0.239008665084839,0.38177889585495,0.236926734447479,0.141593605279922,-0.0056560710072517,0.959249318646027,0.959266006946564,0.777238249778748,5.77716016769409,-0.0511618703603744,2.67399787902832,3.24816474166221,4.00924908480171,0.178202096807678,0.108741274562846,0.41650390625,0.574853022001052,6.38157367706299,0.13916015625,1.55230348559272,0.304551094770432,0.505464196205139,0.119149900972843,0.0706407204270362
0.0006066840142011,1.07626032929285,1.07626044750214,0.835901618003845,9.55824279785156,0.048729196190834,3.69062566757202,4.88989642920339,6.29601712775436,0.202530160158005,0.118884468933473,0.42626953125,0.688022418666696,6.58042764663696,0.04931640625,1.01285880713062,0.275120794773102,0.410584598779678,0.217734336853027,0.096335157752037,0.051989734172821,0.975779057549072,0.977163076400757,0.777867674827576,5.74262714385986,0.144190728664398,2.92261099815369,3.09001568299172,3.88707207399969,0.204464272645855,0.128878335896457,0.4443359375,0.704542269940994,6.57413244247437,0.04638671875,1.45795167400054,0.297219634056091,0.332654893398285,0.249162226915359,0.120739355683327,0.0137650063261389,1.03543150524957,1.03552293777466,0.820133686065674,6.59584903717041,0.0648106262087822,2.98926734924316,3.27475733561562,4.13505188184785,0.22147085429325,0.124880493921434,0.44140625,0.724510066793261,6.59268617630005,0.2197265625,1.15579522683668,0.242210552096367,0.382064521312714,0.233055993914604,0.141887813806534,-0.0204049870371818,0.94796496729715,0.948184549808502,0.769413232803345,5.25812673568726,-0.0463747903704643,2.61497068405151,2.78420711130382,3.43162242390954,0.181009526930318,0.108995066327577,0.4189453125,0.572149760593376,6.38414525985718,0.19677734375,1.33274668777679,0.290149360895157,0.512602746486664,0.125013321638107,0.0721376091241836
0.0026136180385947,1.03985631565912,1.03985965251923,0.812884330749512,9.31316184997559,0.0041018296033144,3.6037654876709,4.93129969518808,6.30834628110798,0.204387522860999,0.121296477828571,0.43212890625,0.719010795127347,6.60730218887329,0.04931640625,1.15540535889976,0.279778718948364,0.402362078428268,0.212316781282425,0.104803815484047,0.0507561787962913,0.991668880985809,0.992966949939728,0.788175106048584,6.77060222625732,0.157064527273178,3.00448846817017,3.72627027022954,4.69885702647828,0.206458212953505,0.128179082830076,0.443359375,0.710844211927071,6.56778526306152,0.04638671875,1.3438828257155,0.294206917285919,0.331042766571045,0.250663936138153,0.123708382248878,0.0136158475652337,1.0386575470434,1.03874683380127,0.825178265571594,6.70701503753662,0.034210804849863,3.02197742462158,3.31961499122675,4.17905787535758,0.219482043309309,0.125705818703994,0.44189453125,0.731903447009037,6.58879280090332,0.2197265625,1.57938262173533,0.251543819904327,0.375844419002533,0.232891216874123,0.139612123370171,-0.0125259421765804,0.948258400963379,0.948341131210327,0.768888652324677,5.40342044830322,-0.069333404302597,2.59580445289612,2.93975986904511,3.62610715691238,0.182344067210312,0.111150111168806,0.42236328125,0.584899878066826,6.36209583282471,0.138671875,1.12602151404037,0.298216700553894,0.498449563980102,0.126637861132622,0.0761320292949676
-0.0050718514248728,1.08031177620752,1.08032369613647,0.840786695480347,9.68568706512451,0.030078837648034,3.60281944274902,4.93645885428625,6.34287538206229,0.201208989025867,0.119523901580734,0.42578125,0.684978065081579,6.573899269104,0.04931640625,1.05544726392088,0.285145282745361,0.409214437007904,0.208634793758392,0.0965651124715805,0.0276215691119432,0.974834860371185,0.975226104259491,0.775922298431396,6.6440486907959,0.109383791685104,2.93167209625244,3.70374863806613,4.65702081091404,0.205759469652138,0.128789723696661,0.4423828125,0.705046718840813,6.5666651725769,0.04638671875,1.36923014184591,0.298158645629883,0.321332424879074,0.256642729043961,0.123789347708225,0.0016225725412368,0.998507858322693,0.998509168624878,0.801367402076721,6.19754600524902,0.0154480598866939,2.86652851104736,3.27138995830729,4.07621389407195,0.219341139342717,0.125350705742885,0.44140625,0.713787675732225,6.5678505897522,0.21923828125,1.1400679021191,0.246469020843506,0.388848662376404,0.222134754061699,0.142386570572853,-0.0209919214248657,0.972930313156677,0.973156809806824,0.787874579429626,6.37100505828857,-0.0558224432170391,2.69635343551636,3.48054561504875,4.29978365368787,0.180771098415789,0.109457552369846,0.41845703125,0.579079091378673,6.37243843078613,0.1962890625,1.37189466343642,0.290474534034729,0.514159262180328,0.121681101620197,0.0734140127897262
0.0219034329056739,1.09892892937524,1.09914720058441,0.851897001266479,9.95104789733887,0.0051525114104151,3.745525598526,5.01006700508307,6.46546135391602,0.203286022976878,0.119501514095345,0.43212890625,0.697632244786737,6.58637237548828,0.21923828125,1.18321541419733,0.283885061740875,0.40447536110878,0.211228549480438,0.0998424142599105,0.0192617569118738,1.00407934288843,1.00426411628723,0.798024952411652,7.663498878479,0.0606095977127552,3.07807874679565,3.96579616521629,4.99121418579281,0.206407870301209,0.129981359669138,0.44287109375,0.709358727751117,6.5767674446106,0.04638671875,1.48623734471556,0.30522683262825,0.303373128175735,0.266001373529434,0.124978333711624,-0.0065162498503923,0.983667315052582,0.983688950538635,0.792282581329346,6.21839141845703,-0.0220543630421161,2.82396697998047,3.21847343900686,3.99614831788376,0.219278509921381,0.125124700377582,0.4423828125,0.718038768932686,6.57601928710938,0.21923828125,1.27779603457207,0.247135162353516,0.390236139297485,0.21954970061779,0.142976641654968,-0.0353776142001152,0.959830404327942,0.960482180118561,0.778815984725952,6.30249977111816,-0.0525113716721534,2.69639778137207,3.48100512371147,4.29418434821609,0.181071512466493,0.111119028872985,0.4267578125,0.579694359195116,6.38834667205811,0.1962890625,1.85064787461889,0.294451624155045,0.506265461444855,0.122377090156078,0.0764383673667907
0.029500838369131,1.05419921975,1.05461192131042,0.833817303180695,6.9296989440918,0.0232307408004999,3.05385303497314,3.42560422593216,4.33304255708205,0.200864924732075,0.119862496499925,0.431640625,0.689650258262516,6.58311748504639,0.04931640625,1.01732123089664,0.290217280387878,0.407839775085449,0.200840592384338,0.100800976157188,0.0120780048891901,1.03005480866296,1.03012561798096,0.817529499530792,8.05382061004639,0.0921317040920257,3.16302967071533,4.03231866962159,5.08127755631311,0.207297272862707,0.128616993074289,0.443359375,0.707735661178595,6.57621288299561,0.04638671875,1.92693317784739,0.293077558279037,0.325983107089996,0.257082134485245,0.123829029500484,-0.0085695907473564,0.979694188641144,0.979731678962708,0.788125157356262,6.27689361572266,-0.0568284466862678,2.88410997390747,3.23147329776262,4.01722718296843,0.218484827975674,0.124033827568602,0.4423828125,0.711672749108832,6.57687330245972,0.2197265625,1.21553944271571,0.244411051273346,0.397403299808502,0.219154745340347,0.138982206583023,-0.0300479568541049,0.963698328541351,0.964166641235352,0.783029198646545,6.62161350250244,-0.0595074295997619,2.6957540512085,3.46770282983006,4.27128018579477,0.180586089000715,0.110672395187975,0.427734375,0.583889488697408,6.37712049484253,0.1962890625,1.15234997098672,0.293967068195343,0.509581625461578,0.119445070624352,0.0765378177165985
0.0257637593895196,1.03242087464197,1.0327422618866,0.813034296035767,6.80828237533569,0.0369317047297954,3.14228677749634,3.42771355056996,4.35517153702376,0.200931997816669,0.118640841981646,0.4306640625,0.686486459769364,6.5772876739502,0.04931640625,1.18350628073492,0.28544095158577,0.416657865047455,0.198699980974197,0.0991488769650459,0.017739649862051,1.00027310948236,1.00043034553528,0.799623966217041,7.89743518829346,0.0693926662206649,3.08544230461121,4.07138613008465,5.09403809376135,0.207666221400992,0.127537921704786,0.44287109375,0.707714105472369,6.58202934265137,0.04638671875,1.78016332527358,0.287258297204971,0.331146955490112,0.262298583984375,0.119075201451778,-0.0027588512748479,0.979670883225037,0.979674756526947,0.786208391189575,6.18226718902588,-0.0471377521753311,2.87631893157959,3.16910407577604,3.94898232433633,0.221358280495534,0.123300712998293,0.44384765625,0.714029369699483,6.57818269729614,0.2197265625,1.00456645194038,0.230556190013885,0.405329018831253,0.220550268888474,0.143491566181183,-0.0376627668738365,0.955336512135101,0.9560786485672,0.778279900550842,6.48221111297607,-0.0341523066163063,2.74271988868713,3.4234161364034,4.20801913891265,0.180401813671423,0.108949491023356,0.42138671875,0.575465400890199,6.37817716598511,0.19677734375,1.07215791857232,0.28904402256012,0.519489467144012,0.117960333824158,0.0731116086244583
0.009750229306519,1.00865614514215,1.00870323181152,0.797102570533752,6.67390775680542,0.002990148961544,3.09780073165894,3.45773336570632,4.37625877916488,0.202878575445136,0.118752816158683,0.42919921875,0.695089416624669,6.58102893829346,0.04931640625,1.32909641160794,0.2825608253479,0.407039225101471,0.211259365081787,0.0990384742617607,0.0248348787426948,1.00421524147852,1.0045223236084,0.799017548561096,7.89743518829346,0.0752794742584228,3.18710803985596,4.04176278746011,5.08239385592119,0.207769335675298,0.127027676539503,0.44384765625,0.692475947717789,6.56815528869629,0.04638671875,1.48571924332628,0.285282641649246,0.336622714996338,0.261834055185318,0.116249360144138,0.0118895545601844,1.00640297036035,1.0064731836319,0.801514863967896,6.39331102371216,-0.009542740881443,3.01386046409607,3.21174253720583,4.03323181127647,0.22094975667733,0.124060859800505,0.44384765625,0.719495478907587,6.58459520339966,0.22021484375,1.32993019019366,0.236088693141937,0.399873018264771,0.218928605318069,0.144967049360275,-0.0187901519238948,0.949872375534607,0.950058221817017,0.772326648235321,6.23722648620605,-0.0483555793762207,2.68580842018127,3.43522626559046,4.2263597198156,0.181188299209547,0.108563248900872,0.41943359375,0.566484480252475,6.35972356796265,0.197265625,1.05216505238733,0.28419616818428,0.52421623468399,0.118961542844772,0.0723617374897003
0.0187426656484603,1.0260249386297,1.02619612216949,0.798195362091064,10.6250791549683,-0.0096415840089321,3.94337868690491,5.84683557512231,7.51833446266286,0.202639632934243,0.11661954176266,0.4228515625,0.669174346290371,6.56272602081299,0.04931640625,1.32014119899723,0.272009432315826,0.420606017112732,0.213803648948669,0.0934890955686569,0.0315692499279975,0.986397863434387,0.986902952194214,0.787299752235413,7.87338209152222,0.119261622428894,3.13302516937256,4.12693667291247,5.17781744813239,0.207860407374165,0.126292975223254,0.44287109375,0.693582334518291,6.55955791473389,0.04638671875,1.22554101170926,0.281785070896149,0.340656936168671,0.263223767280579,0.11410965770483,0.0007743025198578,1.01220178704126,1.01220214366913,0.802902638912201,7.25077629089355,-0.0548076480627059,3.15584850311279,3.58345615640006,4.51760748011377,0.220517221659319,0.124076804169656,0.44287109375,0.726583766180471,6.58198595046997,0.2197265625,1.03092419804475,0.239652439951897,0.396889865398407,0.222422331571579,0.140810832381248,-0.0283855479210615,0.972346664475037,0.972760915756226,0.785397291183472,6.44513320922852,-0.0735597163438797,2.80722117424011,3.48229668114626,4.31457292388642,0.182323985397585,0.107998834016653,0.4189453125,0.56053631239874,6.3388876914978,0.138671875,1.10251317100244,0.280378252267838,0.526178181171417,0.121173575520515,0.0721880048513412
0.0219052322208881,1.05589866738184,1.05612576007843,0.814851224422455,10.6948108673096,0.0414941012859344,4.05465269088745,5.68114160369811,7.36601160823732,0.204043051269668,0.116205418468519,0.42578125,0.684078469515467,6.5785436630249,0.04931640625,1.1598611845975,0.266518592834473,0.421503245830536,0.219281226396561,0.0925493687391281,0.0319844633340835,0.991630614803864,0.992146372795105,0.790707528591156,7.26223516464233,0.118010178208351,3.07351994514465,4.14498180286694,5.20539524914715,0.206380864111614,0.125661309992335,0.44189453125,0.686752656454605,6.56378984451294,0.04638671875,1.46793205253586,0.288081169128418,0.335562258958816,0.26578763127327,0.110377371311188,0.0071915015578269,1.02901101212366,1.02903616428375,0.815165221691132,7.21241188049316,-0.0579173006117343,3.15786790847778,3.51658844624559,4.4393728759666,0.221108566427105,0.123845555214111,0.44091796875,0.732156834883375,6.60058641433716,0.21923828125,1.3446316074217,0.237525686621666,0.398579597473144,0.219483658671379,0.144297018647194,-0.0166700035333633,0.969163240002228,0.969306588172913,0.778018355369568,6.33656692504883,-0.0544517859816551,2.88548469543457,3.45291412291926,4.30204747531464,0.18044699612895,0.105647625845085,0.41064453125,0.559785959693116,6.3438024520874,0.1962890625,1.1409045929658,0.279953062534332,0.538051128387451,0.113375559449196,0.0683285146951675
0.0148373981937766,1.05038380722864,1.05048859119415,0.813375413417816,10.6770610809326,0.0663193091750145,4.0191593170166,5.71162794587594,7.37837664705091,0.20315967532146,0.116747424098522,0.42431640625,0.682220309801968,6.57695865631104,0.04931640625,1.01536459330144,0.273397356271744,0.412417590618133,0.222273796796799,0.0918722078204155,0.0430629700422287,1.0132691870199,1.01418375968933,0.805843710899353,7.33343315124512,0.129738792777061,3.06807065010071,4.07510845795525,5.13649858855515,0.206530207813255,0.125663088977925,0.44091796875,0.698650569307389,6.56876468658447,0.04638671875,1.80502462405027,0.289774656295776,0.330458611249924,0.270959675312042,0.108391746878624,0.0048763072118163,1.01485538582666,1.01486718654633,0.80416065454483,7.13688898086548,-0.0656526982784271,3.14596343040466,3.52486801809719,4.44850792868056,0.219878704845306,0.124216918906393,0.44091796875,0.7257099556125,6.58219432830811,0.22021484375,1.51007514315657,0.244396507740021,0.392330527305603,0.223538190126419,0.139456629753113,-0.0076464368030428,0.968070210026337,0.968100428581238,0.777682304382324,6.29769134521484,-0.0622296258807182,2.81447505950928,3.47600564348682,4.32715908818106,0.181654463305202,0.106457613392143,0.4140625,0.564834267109945,6.34580516815186,0.13916015625,1.04605290553762,0.279738664627075,0.53569233417511,0.113776355981827,0.0699170678853988
0.0254387687891721,1.09274792771204,1.09304404258728,0.844475448131561,10.8692684173584,0.078326441347599,4.02714729309082,5.4892573041325,7.10562920189262,0.203568622421477,0.117825888861828,0.4287109375,0.696524724393202,6.58744239807129,0.03466796875,1.11009013752508,0.273608148097992,0.415678739547729,0.213757038116455,0.0966710895299911,0.0486940592527389,0.997628630207611,0.998816311359406,0.79690557718277,7.33343315124512,0.162980690598488,3.01148462295532,4.13780669174615,5.19436253025397,0.205736727048246,0.125908116926639,0.4404296875,0.689508201156606,6.56049823760986,0.04638671875,1.76283233760317,0.290864229202271,0.327568411827087,0.273292541503906,0.108120329678059,-0.0135678295046091,1.00838446717126,1.00847578048706,0.801888942718506,7.06293153762817,-0.0962454825639724,3.10386371612549,3.51044882052102,4.41562498946701,0.219297520041891,0.12363227242708,0.44140625,0.713907836593755,6.56706953048706,0.22021484375,1.66258339536686,0.245455726981163,0.397734373807907,0.21859347820282,0.138006210327148,-0.0131736434996128,0.956602276371552,0.956692934036255,0.767984509468079,6.33210420608521,-0.049040175974369,2.83417272567749,3.53667378957906,4.40584929436962,0.182692140342377,0.107645177769289,0.41943359375,0.573128946322983,6.36083269119263,0.13916015625,1.02611059725084,0.28228822350502,0.52403336763382,0.119224540889263,0.0737845450639724
0.0184927321970462,1.06163013081415,1.06179118156433,0.834347724914551,7.91833639144897,0.0651907473802566,3.30890989303589,3.99417128944189,5.084524487753,0.201804260873567,0.119513305407225,0.4306640625,0.689286971526739,6.58059978485107,0.03466796875,1.06947877096498,0.284803718328476,0.403991848230362,0.21227616071701,0.0987837985157966,0.0533726401627063,1.01151883702142,1.01292598247528,0.80577278137207,8.62290000915527,0.168503627181053,3.16829466819763,4.26948822574369,5.374378770113,0.205741309964855,0.126551719698792,0.44189453125,0.688829637666696,6.56361627578735,0.04638671875,1.4532623978953,0.289331316947937,0.337116777896881,0.261767625808716,0.111619383096695,-0.0074321902357041,1.02849233250482,1.02851915359497,0.817239820957184,6.64752101898193,-0.0408432781696319,3.00731921195984,3.24387227826424,4.08261795984241,0.219668014679397,0.123627891799218,0.44140625,0.713663099824144,6.57458877563477,0.22021484375,1.32590069133344,0.244849234819412,0.392812073230743,0.221755549311638,0.140452623367309,0.0120319230481982,0.982869268463684,0.982942938804626,0.785654544830322,6.43763875961304,-0.0216375719755888,2.78548121452332,3.47672209159263,4.35009904650224,0.181863929178414,0.107961411797035,0.42138671875,0.568655788213577,6.36174011230469,0.19677734375,1.22697448334082,0.283518254756927,0.526743054389954,0.115034162998199,0.0743607580661773
0.035785399377346,1.05278968911035,1.05339765548706,0.82553493976593,10.2929134368896,0.0959200859069824,3.75108242034912,4.94697697950801,6.31607935156545,0.200448054486907,0.12075883363269,0.42919921875,0.688221871377766,6.57839679718018,0.04931640625,1.205802641439,0.296218752861023,0.391639083623886,0.212817013263702,0.0990099534392356,0.0360110998153686,0.995254756020142,0.995905995368958,0.791348159313202,8.37653255462646,0.132232427597046,3.21048808097839,4.23773389573485,5.33707719034807,0.206288795358825,0.126825601434383,0.4423828125,0.693299950527416,6.55383014678955,0.04638671875,1.24715364778423,0.288705259561539,0.337167859077454,0.258797645568848,0.115150108933449,-0.0068841218017041,1.02049148182733,1.02051472663879,0.811778545379639,6.57719659805298,-0.0304795615375041,2.97284626960754,3.29751452186941,4.14552148525715,0.218759307985804,0.124330972871354,0.44091796875,0.712443217238289,6.57020807266235,0.2197265625,1.00017616070887,0.251137971878052,0.38729864358902,0.221717059612274,0.13965168595314,0.0068487897515296,0.975060404347015,0.975084543228149,0.782025694847107,5.61820125579834,-0.0102041363716125,2.70869302749634,2.90053036512884,3.61667752978339,0.181987833688158,0.10887005169572,0.4228515625,0.574435382462467,6.36869812011719,0.197265625,1.05025267973979,0.287128090858459,0.519942700862885,0.116708606481552,0.0759337991476059
0.043071512132883,1.07309675316675,1.07396078109741,0.837173461914062,10.2929134368896,0.121056713163853,3.91971588134766,4.87806686076954,6.2628613841915,0.20050736985194,0.121851931824212,0.43505859375,0.695027468451864,6.59960746765137,0.04931640625,1.02811110628975,0.293648779392242,0.398491352796555,0.203514814376831,0.104248896241188,0.0103413164615631,0.992613912628723,0.9926677942276,0.791361808776855,8.37653350830078,0.145624041557312,3.1895170211792,4.28391440959632,5.37509398963573,0.207369768608683,0.12752086960662,0.44384765625,0.699273866487331,6.56086349487305,0.04638671875,1.4338062743227,0.27943080663681,0.346816927194595,0.252761960029602,0.120416976511478,-0.0002474531065672,1.0285336981283,1.02853381633759,0.816985785961151,6.42042303085327,-0.0060808043926954,2.98836517333984,3.23990228205807,4.07883625909722,0.220673572236881,0.123960910242339,0.44189453125,0.717353303124287,6.58137130737305,0.22021484375,1.04954054627838,0.242535561323166,0.388250082731247,0.228539958596229,0.139869496226311,0.00388621725142,0.96323549847467,0.963243365287781,0.773023724555969,6.05542850494385,0.003455251455307,2.76374793052673,3.22883279198366,4.02355637082245,0.181446403923864,0.108522299562737,0.42041015625,0.571789516659951,6.37981605529785,0.138671875,1.00061498383966,0.283095896244049,0.523137986660004,0.11901244521141,0.0746023058891296
0.0436399057507514,1.05871760945184,1.05961656570435,0.824512362480164,10.0184354782104,0.058442261070013,3.82337403297424,4.81225932493584,6.18833322600713,0.199803840658822,0.120458355894459,0.43017578125,0.697448662378134,6.60710477828979,0.04931640625,1.05431409161473,0.293203443288803,0.402124166488647,0.203551396727562,0.101005151867867,0.0251710638403892,1.0117039690481,1.01201701164246,0.807102024555206,8.37653160095215,0.144937455654144,3.14515662193298,4.18296527474225,5.24628091638954,0.205547749390337,0.127611695633638,0.443359375,0.694224586222428,6.56882190704346,0.04638671875,1.67665362616823,0.29080930352211,0.335495382547378,0.255402982234955,0.11787910759449,0.008435589261353,1.00734663109644,1.00738191604614,0.799662709236145,6.68150901794434,0.0300934761762619,3.00726962089539,3.52780250644653,4.44431278686713,0.220609157037713,0.122930995288474,0.43798828125,0.709031417678449,6.57217836380005,0.22021484375,1.3044243340306,0.240252867341042,0.387597113847732,0.235410585999489,0.136246085166931,0.0051230769604444,0.979173542069031,0.97918689250946,0.787036776542664,6.05542850494385,0.0050977114588022,2.7404956817627,3.17625959696392,3.95205008715488,0.18348161979342,0.109023954305542,0.4228515625,0.575843995656991,6.35706424713135,0.13916015625,1.09092284026414,0.277828067541122,0.525866270065308,0.119740791618824,0.0765363499522209
0.0268581882119178,1.02175688843591,1.02210986614227,0.800983428955078,9.63311195373535,0.0618933737277984,3.72813272476196,4.77158794081242,6.09122052025862,0.202225845675376,0.121505253290224,0.4345703125,0.703689807979951,6.60347461700439,0.22021484375,1.17754530480389,0.288878530263901,0.397703438997269,0.206590458750725,0.106531552970409,0.0042383503168821,0.991968275116516,0.991977274417877,0.796958208084106,6.00107669830322,0.159481778740883,2.851069688797,3.1455437535591,3.91565826723099,0.20497675623702,0.127895335915206,0.44287109375,0.695372558056906,6.56543827056885,0.04638671875,1.81771724959528,0.292887210845947,0.331672340631485,0.257274687290192,0.117886751890182,0.0164178162813186,1.00098085503442,1.00111544132233,0.795746386051178,6.5954065322876,0.0356605164706707,2.9981427192688,3.51802990015898,4.42630810258644,0.220787124309696,0.12274685588545,0.43701171875,0.71550137008462,6.57232570648193,0.22021484375,1.51400501539296,0.237524941563606,0.389845788478851,0.236971810460091,0.135591551661491,0.0017528210300952,0.989099026726318,0.989100575447082,0.80099093914032,6.05542755126953,0.0267439689487218,2.67016553878784,3.14442393763839,3.88298756339801,0.182657956242849,0.109725015481173,0.42138671875,0.584204150258335,6.35700130462646,0.197265625,1.07852368646063,0.286604404449463,0.514460444450378,0.122572161257267,0.0762975364923477
-0.0092806629836559,1.00652122597559,1.00656390190125,0.800674378871918,8.23224639892578,-0.0216163173317909,3.15389752388,4.52741852322761,5.69200862267512,0.200477333860995,0.121392379063055,0.43310546875,0.699297552615448,6.59018421173096,0.04931640625,1.04860510718983,0.289493024349213,0.405219733715057,0.197679802775383,0.1074029058218,0.0264401026070117,0.959805370377136,0.960169494152069,0.776560306549072,6.72038078308105,0.191918969154358,2.86758756637573,4.20843714532692,5.20488549470539,0.205673663989472,0.127516251583093,0.44287109375,0.68902992166603,6.55392265319824,0.04638671875,1.77824204027301,0.289129376411438,0.334816545248032,0.259973883628845,0.116074249148369,0.0279141515493392,0.989185393856598,0.989579200744629,0.789869010448456,6.46216630935669,0.0311061069369316,2.94404268264771,3.50435431087528,4.39153561091114,0.221288612230069,0.122272741946124,0.43994140625,0.703109527672484,6.55856895446777,0.22021484375,1.19970093729644,0.231213733553886,0.395620107650757,0.240842133760452,0.131750836968422,0.0107989124953746,0.957252384232117,0.957313299179077,0.777573823928833,5.73672151565552,0.0532782077789306,2.6403112411499,3.07784246937015,3.79027527513549,0.183203764878035,0.108172244038176,0.42041015625,0.577756810050039,6.36159467697144,0.19677734375,1.2244386428302,0.277375936508179,0.527647852897644,0.12078020721674,0.0739971026778221
0.0005620773881673,1.0121374140249,1.01213753223419,0.808767020702362,7.35644626617432,0.0082833506166934,2.93650913238525,3.77627951113428,4.72591416658311,0.198066434267255,0.121586421778665,0.4287109375,0.706309243165954,6.59563159942627,0.04931640625,1.24573383270797,0.302911221981049,0.392928510904312,0.201339662075043,0.102615982294083,0.0232947822660207,0.98628705839975,0.986562073230743,0.793307542800903,6.84483242034912,0.192339226603508,2.95150279998779,4.15904116148476,5.17332826191845,0.202246643818508,0.127215278888007,0.43994140625,0.689538808168505,6.53742551803589,0.04638671875,1.36309675661536,0.300345152616501,0.331360191106796,0.260385036468506,0.107477217912674,-0.0072009055875241,1.00396597485407,1.0039918422699,0.798859238624573,6.6641092300415,0.0151176806539297,2.98922324180603,3.51999941706565,4.42391517214892,0.219141471061503,0.122886668635083,0.4404296875,0.71002438551283,6.5664873123169,0.2197265625,1.35495111453635,0.240033939480781,0.391263455152512,0.237125426530838,0.130321219563484,0.0133507028222084,0.96352756123407,0.963620066642761,0.782373309135437,5.89635467529297,0.0193271711468696,2.63349676132202,3.12345537109163,3.84742821852451,0.183317867581334,0.109056455686546,0.421875,0.565327745851449,6.33801651000977,0.19677734375,1.03331663298001,0.27589625120163,0.529085457324982,0.119740262627602,0.0745443701744079
0.0208413824439048,1.00824880699976,1.00846421718597,0.802641749382019,7.61828708648682,0.144837021827698,3.03453421592712,4.08157585091812,5.12834951975859,0.198818013351538,0.122365248615821,0.43212890625,0.708809293106713,6.59967231750488,0.2080078125,1.01082551699088,0.301951050758362,0.393171727657318,0.198665529489517,0.106063030660152,0.0241699777543544,0.992833615349365,0.993127763271332,0.796772658824921,6.90728521347046,0.206379279494286,2.9644136428833,4.13154522781465,5.15065342348719,0.201140199504634,0.128053946625488,0.44140625,0.678716753456326,6.52112579345703,0.04638671875,1.2600283672769,0.304285168647766,0.336200416088104,0.249057650566101,0.109882116317749,-0.0008770721033215,1.02324712376459,1.02324736118317,0.812302470207214,6.49963855743408,-0.0037910807877779,2.95653533935547,3.27820974067942,4.12953354183554,0.218636239953528,0.125639567574408,0.44384765625,0.715291996363732,6.55948972702026,0.2197265625,1.66801110505131,0.255774438381195,0.37680459022522,0.229161784052849,0.136973991990089,0.0140137951821088,0.927576304482056,0.927682161331177,0.755304932594299,5.59552001953125,0.0282781422138214,2.60326266288757,3.07892276705696,3.78290325835756,0.182217627373473,0.110991471626328,0.42529296875,0.588074594850773,6.35637378692627,0.1962890625,1.15790079698137,0.292630314826965,0.509592533111572,0.11979877948761,0.0775915309786796
0.0018213260918855,1.02425539593561,1.02425706386566,0.810515284538269,7.25190734863281,0.145941317081451,3.10600137710571,4.19417903800328,5.30022970907337,0.197280209562262,0.121304761786003,0.4287109375,0.695639507559776,6.58922004699707,0.04931640625,1.38338584458057,0.306284636259079,0.394658237695694,0.197527229785919,0.10152455419302,0.0306486524641513,0.99091911415918,0.991392970085144,0.793885052204132,6.93941211700439,0.187932461500168,3.01063466072083,4.164353664397,5.20194285670642,0.203041598293909,0.126388317121509,0.439453125,0.679500424219085,6.52807378768921,0.04638671875,1.43053184014538,0.295442283153534,0.342552185058594,0.253148466348648,0.108186051249504,0.0120632527396082,1.04203546147211,1.04210519790649,0.827274143695831,6.5237627029419,-0.0074497144669294,3.00170397758484,3.30692949839913,4.1659250762441,0.220720810697951,0.125240548107826,0.4423828125,0.705699549102412,6.55706691741943,0.21923828125,1.42151592336093,0.247994512319565,0.382770657539368,0.227441519498825,0.140912145376205,0.0325402654707431,0.937329174088074,0.937893867492676,0.763603150844574,5.65320587158203,0.0425107851624488,2.63009643554688,3.06196762508152,3.76390190098258,0.181642461878918,0.1107734848862,0.4248046875,0.579115545346288,6.36514568328857,0.1962890625,1.4404040383181,0.290951877832413,0.51363205909729,0.116516157984733,0.0786966830492019
0.0274651981890201,1.05701005558832,1.05736684799194,0.832852721214294,7.62839508056641,0.161770597100258,3.19238138198853,4.29457139500375,5.45363546347783,0.198378223529432,0.121910092006947,0.4326171875,0.687168983436622,6.58816146850586,0.04931640625,1.38511231327906,0.305220603942871,0.38940966129303,0.201711222529411,0.103619515895844,0.0495546534657478,1.01833415131433,1.0195392370224,0.810526490211487,7.27533149719238,0.164396286010742,3.03349494934082,3.77669702635058,4.75538004656961,0.204246499592907,0.126805597254103,0.43798828125,0.694054744499221,6.55297183990479,0.04638671875,1.69066375682649,0.294912785291672,0.330374479293823,0.26515132188797,0.109334975481033,0.0108738122507929,1.05284118752344,1.05289733409882,0.832152843475342,6.82448196411133,0.0266554225236177,3.05552816390991,3.45854412254909,4.37621429787611,0.221555990403314,0.123971376769632,0.44287109375,0.719454268654532,6.57506084442139,0.22021484375,1.17367510106177,0.239955440163612,0.390782296657562,0.230194181203842,0.13878159224987,0.0268742367625236,0.935595274971558,0.935981214046478,0.76047945022583,5.66572237014771,0.0350327119231224,2.64911556243896,3.13281906828047,3.85734841966921,0.184056411858346,0.111071104354442,0.42626953125,0.581070098503478,6.35895490646362,0.1962890625,1.09695985443719,0.28483122587204,0.513546764850616,0.120020851492882,0.0813506692647934
-0.0111975967884063,1.06360519032343,1.06366407871246,0.835583627223969,7.90389156341553,0.0878647863864898,3.23611497879028,4.22448997721223,5.3777452438619,0.199386498382046,0.120304103075808,0.431640625,0.696013414272392,6.59425830841064,0.04931640625,1.20514144441627,0.291541010141373,0.404129445552826,0.204393476247787,0.0997655987739563,0.0422622188925743,1.00802266697748,1.00890815258026,0.802624225616455,6.76474571228027,0.129274949431419,3.02890419960022,3.42788203128493,4.31168263294991,0.207470819261316,0.126987063420127,0.44189453125,0.692059680423402,6.56245613098145,0.04638671875,1.62845059246188,0.282209753990173,0.33532577753067,0.268332660198212,0.113849394023418,0.0327729620039463,1.01854300598962,1.01907014846802,0.811663448810577,6.6013994216919,0.0121009871363639,2.97871685028076,3.40087944096813,4.2722871811355,0.223336334925243,0.123489782739073,0.43994140625,0.723711778741908,6.58187675476074,0.22021484375,1.34339224515364,0.234512001276016,0.393268883228302,0.230066195130348,0.142072200775146,0.0215581208467483,0.943755806492401,0.944001972675324,0.768221378326416,5.43808174133301,0.0380744859576225,2.62705826759338,2.89521935451122,3.55816002106643,0.182963262175185,0.110051530702698,0.423828125,0.577070483729407,6.3622350692749,0.13916015625,1.17041017810894,0.284614622592926,0.51692807674408,0.119585633277893,0.0788682922720909
0.0050757233984768,1.05249905686243,1.05251121520996,0.831790387630463,7.42931795120239,-0.0332879573106765,3.12721252441406,3.67540329904014,4.65080539977475,0.197798883028441,0.120430263755212,0.43017578125,0.688509088054729,6.58216142654419,0.04931640625,1.01805271032916,0.296952724456787,0.401548624038696,0.202769875526428,0.0986385717988014,0.025789700448513,1.00578165154321,1.00611221790314,0.800119161605835,7.45278930664062,0.102741084992886,3.11724519729614,3.92943359829807,4.94200018030073,0.209244621159603,0.127186286924114,0.443359375,0.70310354367969,6.58036518096924,0.04638671875,1.44633502984846,0.274610638618469,0.34150031208992,0.261917114257812,0.12172357738018,0.0329323783516883,1.00647258858545,1.00701117515564,0.804077565670013,6.54914474487305,0.0341873168945312,3.00420236587524,3.41966388932787,4.28485244341289,0.224089261643983,0.12360498785857,0.44091796875,0.721772585733216,6.57978391647339,0.2197265625,1.39946700995309,0.230645224452019,0.39064621925354,0.236118003726005,0.142278581857681,-0.0048362985253334,0.958024622009827,0.958036780357361,0.778470396995544,5.90179443359375,0.0117683112621307,2.71138644218445,3.2523323587561,4.00270382234923,0.184681772593867,0.110980982043538,0.4248046875,0.596428041913169,6.37681436538696,0.19677734375,1.83901360133944,0.276918947696686,0.517647981643677,0.12349496781826,0.081796258687973
0.0085415914654731,1.07376647095544,1.07380044460297,0.835634052753448,9.98044586181641,-0.0963613912463188,4.1032919883728,5.58763038753522,7.18053554343645,0.196981330801387,0.119966385129714,0.4287109375,0.684203145907809,6.57373476028442,0.03466796875,1.17221729008629,0.300995886325836,0.396049648523331,0.208450049161911,0.0942974090576171,0.0266525261104106,1.01455986599786,1.01490998268127,0.807085156440735,7.37662601470947,0.138031050562858,3.11887574195862,3.83188190113935,4.8197445135668,0.211093756314748,0.128888319868625,0.4443359375,0.693728210042839,6.55992698669434,0.04638671875,1.79340173514771,0.274095803499222,0.340543836355209,0.255342602729797,0.129502534866333,0.0205092877149581,1.00796187023981,1.00817048549652,0.805847406387329,6.53191089630127,0.037488080561161,2.96901655197144,3.37681324111704,4.22554211746579,0.22236202536882,0.123585453554914,0.4423828125,0.714459879364852,6.57561540603638,0.2197265625,1.71477312860624,0.233449980616569,0.395194560289383,0.231573164463043,0.13902947306633,-0.0212938543409109,0.933352531002594,0.933595418930054,0.758557558059692,5.83833408355713,-0.0166397597640752,2.71398115158081,3.31712788632234,4.08373908363781,0.185799253107108,0.109453512809125,0.42578125,0.591674289696625,6.3840503692627,0.19677734375,1.2695137480066,0.27529439330101,0.517007827758789,0.128079652786255,0.0795224457979202
-0.0012458721175789,1.07211911778314,1.07211983203888,0.830550849437714,9.98044586181641,-0.0739706605672836,4.11989784240723,5.59638933550296,7.2242482137382,0.196865520451006,0.119951017695471,0.427734375,0.679655965115812,6.57711029052734,0.03466796875,1.50826267711692,0.300514876842499,0.397556453943253,0.208441376686096,0.0933723598718643,-0.0167181491851806,1.02945613961084,1.02959179878235,0.818142354488373,7.4861798286438,0.121178209781647,3.07846117019653,3.78793428989722,4.7671385850004,0.208441607680379,0.129812867907962,0.44384765625,0.699231147928813,6.57283115386963,0.04638671875,2.11931666163521,0.288226425647736,0.332451194524765,0.249308258295059,0.129586935043335,0.0187741536647081,0.994981170700622,0.99515825510025,0.798169732093811,6.21719694137573,0.0205333437770605,2.95950698852539,3.15357278693601,3.93244870054894,0.222404717682835,0.123508157795002,0.44384765625,0.716300467700127,6.58018112182617,0.21923828125,1.20963925873718,0.233570575714111,0.393392026424408,0.230348333716392,0.142288982868194,0.0041352631524205,0.950194836662842,0.950203835964203,0.771095156669617,6.62227249145508,-0.0013246983289718,2.76778078079224,3.5112305838648,4.32681328765898,0.183403802763491,0.108060868864592,0.4208984375,0.588033939910903,6.39950323104858,0.1962890625,1.34365919897379,0.278454691171646,0.52479612827301,0.121389418840408,0.0750654488801956
0.0091702155768871,1.06671464543207,1.06675410270691,0.826922476291656,9.87139225006104,-0.0055368989706039,4.02118682861328,5.62453894402688,7.25676230787107,0.195416726407303,0.121982738005577,0.42822265625,0.687886924467821,6.58344459533691,0.03466796875,1.15889185356137,0.313027590513229,0.386642634868622,0.201892882585526,0.0983415096998214,0.0092601180076599,1.03138291935785,1.0314245223999,0.818521022796631,7.37662601470947,0.143138319253922,3.07373070716858,3.75138831121774,4.72767534228496,0.20959651849838,0.128505611895904,0.44384765625,0.705352729297013,6.56961059570312,0.04638671875,1.80081876411713,0.282030671834946,0.337953150272369,0.252632558345795,0.126480057835579,0.0031755436211824,0.987409235046936,0.987414300441742,0.792257905006409,5.91066932678223,0.043879322707653,2.93634724617004,3.22129886539461,4.01487793960878,0.220937228830271,0.123588725035575,0.44482421875,0.707314978837657,6.57102966308594,0.2197265625,1.11962038438287,0.238648176193237,0.392518758773804,0.230097234249115,0.13872317969799,0.0242834202945232,0.983332575367523,0.983632385730743,0.789149522781372,6.87980556488037,0.0377262532711029,2.86909556388855,3.5352379614482,4.40728333756394,0.181776734252697,0.108276074498924,0.416015625,0.573380424988002,6.39022636413574,0.197265625,1.11391333064077,0.290247410535812,0.514015376567841,0.122686371207237,0.0724850967526435
0.0255019851028919,1.06454217533929,1.06484758853912,0.817432522773743,10.9166831970215,0.0921348258852958,4.46643352508545,5.63460917688404,7.34296328788709,0.199431062901672,0.121368649353028,0.42578125,0.699686118457141,6.59809398651123,0.04931640625,1.12048060943203,0.29670774936676,0.391398817300797,0.212998002767563,0.098648689687252,0.0165445543825626,1.0286602983938,1.02879333496094,0.817932069301605,6.97635078430176,0.119514621794224,3.02980732917786,3.4259022759367,4.31016634231344,0.20810575999593,0.127175120817577,0.443359375,0.691059493391283,6.54722309112549,0.04638671875,1.53743925355051,0.279428839683533,0.344883978366852,0.255824089050293,0.119070559740067,0.0085838930681347,0.981085241840912,0.98112279176712,0.788790941238403,5.97354888916016,0.0393880903720855,2.88219404220581,3.27644472871588,4.07560414310665,0.221296827341784,0.12431383818058,0.44677734375,0.721463993158757,6.58781814575195,0.2197265625,1.23679423542813,0.240769326686859,0.389376133680344,0.228691577911377,0.141085043549538,0.0019985071849077,0.999130130814148,0.999132096767426,0.800748348236084,7.03616380691528,0.0299348086118698,2.85261678695679,3.5364805838137,4.41267904066508,0.182697515394781,0.107326134452206,0.416015625,0.577144431160892,6.38867664337158,0.19775390625,1.18967815132949,0.28202623128891,0.520952343940735,0.125767901539802,0.071044348180294
0.0076441764831542,1.03467285733087,1.0347011089325,0.803844571113586,9.42512130737305,0.146261245012283,3.90385675430298,4.75179078269497,6.11765214795316,0.203348373568314,0.120452772100555,0.42919921875,0.697288091746306,6.58356285095215,0.04931640625,1.21764968324544,0.276797950267792,0.408938199281693,0.210889592766762,0.103075318038463,0.0176724530756473,1.01864051918848,1.01879382133484,0.807084321975708,7.19681644439697,0.189602747559547,3.1181640625,3.7140911393594,4.68988456047612,0.205475607390933,0.12640827802627,0.443359375,0.672528449549669,6.52138519287109,0.04638671875,1.29707988845535,0.280686885118484,0.353540658950806,0.251409381628036,0.113757342100143,0.0243010632693767,1.00055575470789,1.00085079669952,0.800559639930725,6.16256046295166,0.0358582064509391,2.88531303405762,3.30698252177252,4.13544781902269,0.220492028866033,0.125531343003822,0.4443359375,0.722606313577813,6.58644580841064,0.21923828125,1.11303953006044,0.25148817896843,0.372321248054504,0.233406811952591,0.141851827502251,-0.0037118662148714,1.033531666802,1.03353834152222,0.824911713600159,7.28450012207031,0.0189759321510791,2.89677619934082,3.53941430448132,4.43477425387229,0.181208470297393,0.107313827478417,0.41357421875,0.564379040012887,6.35618925094604,0.17333984375,1.05558325430683,0.284351259469986,0.524323463439941,0.12192077934742,0.0691476762294769
0.0138956606388092,1.04273390869959,1.04282653331757,0.812445163726807,9.18345165252686,0.095153123140335,3.87069225311279,4.61045902997391,5.91812241390794,0.201960034297535,0.119575161668706,0.4248046875,0.681633827313143,6.57009696960449,0.21923828125,1.01772230501524,0.277357578277588,0.416734516620636,0.203835904598236,0.101806998252869,0.0451005548238754,1.02414548497064,1.02513813972473,0.811674356460571,7.38665580749512,0.234685599803925,3.20216536521912,4.00519751845541,5.06337021382053,0.207286289028191,0.128214579460383,0.44384765625,0.682072069509316,6.53192520141602,0.04638671875,1.10549739075034,0.282671332359314,0.339321851730347,0.258795171976089,0.118649154901505,0.0178930014371871,1.00505459408624,1.00521385669708,0.803709805011749,6.14083051681519,0.0413972437381744,2.85284471511841,3.25173175109919,4.06782988797113,0.220568351968939,0.127443587448123,0.44384765625,0.734103691423883,6.58977127075195,0.21923828125,2.00951316361262,0.259329736232758,0.361267894506454,0.229164898395538,0.149083375930786,-0.0087295230478048,1.03310859303339,1.03314554691315,0.825675845146179,6.16793346405029,-0.011460356414318,2.82486462593079,3.18560117421076,3.98700232690447,0.181251376942725,0.109914534284094,0.41796875,0.579506660053918,6.36777496337891,0.1962890625,1.34141756181724,0.297648161649704,0.500856339931488,0.12715470790863,0.0742354393005371
3.95164825022221e-05,1.04001081089838,1.04001080989838,0.808243334293365,9.55078887939453,0.041842758655548,4.11248016357422,4.80785874025617,6.18653834620429,0.204059259643135,0.119961406914282,0.43017578125,0.696545964346879,6.59827280044556,0.21923828125,1.19674606619776,0.274699658155441,0.411654472351074,0.209567487239838,0.104028895497322,0.0666991919279098,1.04267501931055,1.04480612277985,0.822409272193909,7.31217193603516,0.262156158685684,3.30503511428833,4.17134637192604,5.30810101287025,0.206571657898037,0.129196117155159,0.44384765625,0.700133666971694,6.55650043487549,0.04638671875,1.46664558072795,0.286409139633179,0.332848787307739,0.26088011264801,0.119822546839714,0.0192223750054836,1.01703953842981,1.01722121238708,0.809069216251373,6.10727405548096,0.0782455876469612,2.92013883590698,3.19941216621467,4.02357568341268,0.22143016616242,0.124045479567001,0.44189453125,0.730972886454279,6.59174394607544,0.21923828125,1.74083902200461,0.240769445896149,0.3846794962883,0.232863679528236,0.141278892755508,-0.0094283437356352,0.979497612522674,0.979542970657349,0.790805220603943,5.72532844543457,-0.040739968419075,2.69759798049927,2.93846198106687,3.64070327178302,0.181716108759094,0.107890947719385,0.4189453125,0.566531528332814,6.37567186355591,0.1962890625,1.53452054758558,0.279412657022476,0.525926351547241,0.121103435754776,0.0733594521880149
-0.0065209590829908,1.00087523560388,1.00089657306671,0.789446592330933,8.92126369476318,-0.0415853150188922,3.54387712478638,4.54648754942442,5.76461742690164,0.203146271768718,0.120884514829161,0.43408203125,0.694888275151628,6.59870195388794,0.04931640625,1.09492490578331,0.280912965536117,0.406754076480865,0.205285057425499,0.106977805495262,0.0492948293685913,1.0533481846319,1.05450093746185,0.825126051902771,7.78474712371826,0.289868950843811,3.38006806373596,4.17758539113283,5.34752584217422,0.208387008259576,0.129277396769152,0.44384765625,0.706802117484275,6.57757377624512,0.04638671875,1.5762448542107,0.282779067754745,0.330368727445602,0.2624471783638,0.124145515263081,0.0144628379493951,1.00705230336053,1.00715613365173,0.802927196025848,6.17140960693359,0.0668652802705764,2.89985513687134,3.35207260293088,4.20513580808987,0.221731712926768,0.123124945709366,0.44384765625,0.718617676995956,6.58122062683105,0.2197265625,1.02410463000806,0.235038816928863,0.394994139671326,0.232413694262504,0.137169033288956,0.0110815688967704,0.959219814346863,0.959283828735352,0.772337198257446,6.39999771118164,-0.0031655225902795,2.81197428703308,3.49162550511766,4.3370273590801,0.183484415748273,0.108755006933665,0.42626953125,0.57713947914922,6.38477993011475,0.1962890625,1.32621912854188,0.27517381310463,0.527767241001129,0.120181493461132,0.0768449380993843
0.0200810246169567,1.01978468994959,1.01998233795166,0.809474229812622,7.70718050003052,0.0659029185771942,3.28473591804504,4.28507407981156,5.40126003019412,0.203316921000407,0.122755302891718,0.4375,0.710283125753061,6.61031532287598,0.2197265625,1.19922963600749,0.285433381795883,0.395208299160004,0.206944584846496,0.112336993217468,0.0591184385120868,1.04400730233057,1.04567980766296,0.818128228187561,7.70449209213257,0.263246178627014,3.38084483146667,4.18934452946331,5.36451110783774,0.208916764511304,0.128705688212619,0.443359375,0.69217584387792,6.57591915130615,0.04638671875,1.60744403565752,0.280474752187729,0.338279485702515,0.256243765354156,0.124397344887257,0.0124872224405407,1.00266242127283,1.0027402639389,0.800346672534943,6.40411233901978,0.0518744364380836,2.96412515640259,3.31013392492537,4.14776055443014,0.222455963232513,0.124133599459378,0.44580078125,0.725636586744201,6.59182262420654,0.2197265625,1.49259991015844,0.233177781105042,0.395180642604828,0.228774309158325,0.142712384462357,0.0146781280636787,0.945152581738068,0.945266544818878,0.76199871301651,6.39999771118164,0.0123605038970708,2.78701257705688,3.54340254753149,4.39653369264873,0.183252052981256,0.110340474629847,0.43310546875,0.574255132309635,6.38671636581421,0.13916015625,1.13539651629876,0.280311703681946,0.520463883876801,0.118282087147236,0.0807430744171142
0.0425596609711647,0.993096054600311,0.994007587432861,0.793455600738525,6.76289367675781,0.114279717206955,3.15689253807068,3.55563840886473,4.45838901223795,0.204307034883277,0.123296374148892,0.43896484375,0.700062232715472,6.59665822982788,0.2197265625,1.00017261967307,0.283571749925613,0.393354535102844,0.210086092352867,0.112791568040848,0.0669914633035659,1.04698586563928,1.0491269826889,0.824347734451294,7.12120246887207,0.273506164550781,3.19688534736633,3.5529054139574,4.52998069902663,0.209020413971735,0.12959593868014,0.4443359375,0.705089163557759,6.56506633758545,0.04638671875,1.42236265241413,0.281662225723267,0.336569577455521,0.254773020744324,0.126265689730644,0.0246622506529092,1.00550186734064,1.00580430030823,0.798367023468018,6.44870233535767,0.119322083890438,3.04767441749573,3.34944362186838,4.22080905476113,0.221900881046492,0.124536652748514,0.44580078125,0.72275553021867,6.58741760253906,0.2197265625,1.57288805163858,0.23396535217762,0.391397953033447,0.235781520605087,0.138395428657532,0.0099204834550619,0.927194596336914,0.927247643470764,0.749602913856506,6.25777530670166,0.0044409874826669,2.76709175109863,3.53198795708269,4.36963775813763,0.184009874889052,0.110901006403039,0.4345703125,0.574397854566786,6.36808109283447,0.19677734375,1.17058554863541,0.277342170476913,0.523360431194305,0.116828918457031,0.082409031689167
0.018421996384859,0.993208707378937,0.993379533290863,0.793352246284485,7.22051048278809,0.10364443063736,3.17268800735474,3.76924282581534,4.72062747712631,0.206039632298403,0.121509023635516,0.43603515625,0.702104149977528,6.59684658050537,0.04931640625,1.15252005426247,0.272738754749298,0.396968126296997,0.218870982527733,0.111189626157284,0.0435246974229812,1.03003573517664,1.03095495700836,0.812946200370789,6.7779712677002,0.207158163189888,3.15238571166992,3.48927398726126,4.4287420045493,0.209346386128604,0.12849434239495,0.44384765625,0.693797955845783,6.54270505905151,0.04638671875,1.20316278322778,0.279549688100815,0.336200416088104,0.260137051343918,0.123303554952145,0.0356473289430141,0.988567234085632,0.989209711551666,0.791345119476318,6.31505060195923,0.120319172739983,2.96723127365112,3.34918126929834,4.18878978461027,0.221292422089018,0.126050159821061,0.44580078125,0.719078691383762,6.57743692398071,0.2197265625,1.28765756438476,0.242539718747139,0.379305511713028,0.23759289085865,0.140298694372177,0.0071247415617108,0.93846732478006,0.938494324684143,0.759623646736145,6.25777530670166,0.006932945922017,2.77472066879272,3.48966149701182,4.31157930182137,0.184603530737069,0.112528076872671,0.435546875,0.576577276667494,6.35737276077271,0.1962890625,1.04174524759711,0.285880655050278,0.510339617729187,0.119673743844032,0.0840848237276077
0.008913324214518,0.990422547863556,0.99046266078949,0.788239121437073,7.22051048278809,0.0977285206317901,3.174480676651,3.81526545052101,4.79471157611449,0.20563541076139,0.119618274919703,0.43408203125,0.71375873927848,6.61093091964722,0.04931640625,1.18031871407886,0.26834499835968,0.413153469562531,0.2121562063694,0.106069907546043,0.0573597177863121,1.02137458424432,1.02298390865326,0.811655759811401,6.65322971343994,0.219238847494125,3.11368751525879,3.51432835119069,4.43592603124124,0.209407688013128,0.127886335278924,0.4443359375,0.689242940386814,6.54672718048096,0.04638671875,1.3416557614116,0.275922238826752,0.337704479694366,0.26487472653389,0.120630785822868,0.0373611636459827,1.00574433903558,1.00643801689148,0.804816961288452,6.49996089935303,0.0858235135674476,2.96667289733887,3.35088089682778,4.19299470450413,0.221516470238018,0.125323923400795,0.44189453125,0.728818164749139,6.59221076965332,0.21923828125,1.36935901159748,0.237716123461723,0.383725941181183,0.23598524928093,0.14249324798584,-0.0196287333965301,0.942048491047455,0.942252993583679,0.764266431331635,5.87556409835815,-0.0130754858255386,2.6588397026062,3.13373449271561,3.86363281128467,0.181691400448945,0.110021944948625,0.423828125,0.576668023772949,6.37649011611938,0.1962890625,1.22912053164225,0.289715468883514,0.515455365180969,0.116195559501648,0.0785709023475647
0.0243261307477951,1.02766513924463,1.02795302867889,0.814075589179993,8.21400356292725,0.130673170089722,3.30460977554321,4.08070976439069,5.15508623017458,0.20492125288853,0.119752224229445,0.43408203125,0.697974691188704,6.594895362854,0.04931640625,1.14577470415116,0.274198204278946,0.407272428274155,0.215652137994766,0.10277359932661,0.0536104626953601,0.993632973240448,0.995078206062317,0.794714868068695,6.52650165557861,0.200023636221886,3.05624103546143,3.54406641008178,4.44348214871067,0.205730150992053,0.128265590508149,0.44384765625,0.697720766334094,6.56173706054688,0.04638671875,1.51305368065907,0.290958106517792,0.335773587226868,0.254749178886414,0.117943629622459,0.0366392061114311,1.0102071772085,1.01087141036987,0.809718072414398,6.5691089630127,0.127675041556358,2.90954351425171,3.37167604012031,4.2130518850617,0.221279161184885,0.123240263189356,0.43994140625,0.715102345336898,6.58085680007935,0.220703125,1.01135344424735,0.236296474933624,0.386886835098267,0.243063002824783,0.133526563644409,-0.0212443154305219,0.944090724991394,0.944329738616943,0.769547998905182,5.81099700927734,-0.0226418916136026,2.62675929069519,3.09248167848392,3.79516132616987,0.182358645902924,0.109754296818016,0.423828125,0.58149746310253,6.37416887283325,0.1962890625,1.2336630215663,0.285971879959106,0.51772665977478,0.119525000452995,0.0764960125088691
0.0364100076258182,1.03008377652032,1.03072702884674,0.811446368694305,8.25795459747314,0.169995337724686,3.42925977706909,4.03241731828041,5.12547958406568,0.205391062791767,0.120785806761262,0.43798828125,0.714356006439129,6.61267137527466,0.04931640625,1.39901336157732,0.274945557117462,0.402417838573456,0.215228766202927,0.107342027127743,0.046277143061161,0.997357846306396,0.998430907726288,0.797298967838287,6.52650117874146,0.172851353883743,3.06982731819153,3.51929768637119,4.41261074161991,0.207773576369872,0.126775738655542,0.44287109375,0.702143986951146,6.56726217269897,0.04638671875,1.52714328724573,0.275480568408966,0.34952101111412,0.255745500326157,0.118624970316887,0.0215981192886829,1.01911318402155,1.01934194564819,0.816797494888306,6.51529312133789,0.0581783764064312,2.88747024536133,3.27326514204909,4.08607921533916,0.224952446085196,0.12371195064771,0.4453125,0.722843055533399,6.58756446838379,0.2197265625,1.15775027448226,0.230970621109009,0.383726119995117,0.241211831569672,0.143493711948395,0.0210418403148651,0.944115341709686,0.944349765777588,0.767140030860901,5.77924299240112,0.0252079088240861,2.61650896072388,3.08332369418681,3.79608092168452,0.183206052954311,0.108785400022376,0.423828125,0.571724364891932,6.36684322357178,0.13916015625,1.00160136284507,0.27862086892128,0.523800253868103,0.121617652475834,0.0759521424770355
0.0543864071369171,1.03193080525262,1.03336298465729,0.811925232410431,8.3710765838623,0.22681587934494,3.44202423095703,4.1040524149251,5.22934291312241,0.203885929328964,0.119899700636076,0.43408203125,0.698606024901123,6.59031248092651,0.04931640625,1.40763956204781,0.277726888656616,0.403962165117264,0.216153085231781,0.101950891315937,0.0392472855746746,0.982345462845398,0.98312920331955,0.784982144832611,6.92086124420166,0.180590257048607,3.12016463279724,3.61592807176152,4.53259099046337,0.207651987385893,0.12745061769166,0.443359375,0.702904764972995,6.57440280914307,0.04638671875,1.41053695322615,0.278190612792969,0.349990874528885,0.249785363674164,0.121645599603653,0.0207379907369613,1.01878094773157,1.01899194717407,0.809270143508911,6.68032932281494,0.0320186987519264,2.96852684020996,3.41874471173603,4.30566967666485,0.223241936375342,0.123264502781676,0.4453125,0.718271334492887,6.5822377204895,0.2197265625,1.24580805574342,0.23186206817627,0.393587529659271,0.231046050786972,0.143178075551987,0.024979256093502,0.944913447903229,0.945243537425995,0.764747858047485,5.57381343841553,0.0029277354478836,2.62361574172974,3.0502854736024,3.77108576515197,0.182481793356131,0.108203401184896,0.42431640625,0.560462476082832,6.35167980194092,0.04638671875,1.03919203638835,0.276879549026489,0.531596601009369,0.115124374628067,0.0763053148984909
0.0576436072587966,1.05964946846826,1.06121611595154,0.828542292118073,8.25795459747314,0.235772162675857,3.46999502182007,3.95950944378739,5.078086846537,0.204489920711835,0.119426669029859,0.4345703125,0.697247121469371,6.59378385543823,0.04931640625,1.25516545962709,0.273313522338867,0.40787073969841,0.215520054101944,0.10284299403429,0.0404463931918144,1.00955891709192,1.01036882400513,0.803094327449799,7.1630916595459,0.160232663154602,3.16048359870911,3.6315748204769,4.57347406076526,0.208094705246478,0.127720783794429,0.443359375,0.701968280020501,6.55739307403564,0.04638671875,1.15414824912932,0.27570304274559,0.356503337621689,0.241865411400795,0.125432774424553,0.0282817259430885,1.04731714825494,1.04769897460938,0.828419089317322,6.73749542236328,0.072113998234272,2.99979853630066,3.43468821582395,4.34562954326615,0.223922568705403,0.123597880225352,0.44775390625,0.715854931785427,6.57762145996094,0.2197265625,1.24778196413471,0.233043566346168,0.389263272285461,0.23212568461895,0.145017847418785,0.0069196978583931,0.924067557858063,0.924093425273895,0.752434492111206,5.41768407821655,0.0005409941077232,2.58202075958252,2.99021337465456,3.67242767837811,0.184310441598325,0.109043333229162,0.427734375,0.557207274193521,6.33040285110474,0.19677734375,1.01832345729893,0.271141171455383,0.531105816364288,0.118082031607628,0.0795152261853218
0.02260272949934,1.07040429215295,1.07064294815063,0.834346294403076,7.99225330352783,0.175761699676514,3.44170093536377,3.85758924612337,4.95167613378393,0.204830321991562,0.119219715453778,0.43701171875,0.709794606789353,6.60247135162354,0.04931640625,1.16618954291652,0.271498620510101,0.412957668304443,0.209322184324264,0.10594517737627,0.0373936556279659,1.03075337509973,1.0314314365387,0.816737115383148,7.30927658081055,0.125828698277473,3.14115381240845,3.61666932527347,4.57110840755298,0.210193263514565,0.128559826373594,0.44384765625,0.703067328363255,6.56029891967773,0.04638671875,1.19886779510064,0.271566659212112,0.348495483398438,0.249765902757645,0.129551380872726,0.0196056850254535,1.05003035168512,1.05021345615387,0.830510973930359,6.7006778717041,0.0378107354044914,2.97064018249512,3.40072162257323,4.30086096419971,0.223639085364914,0.123755934743127,0.44677734375,0.7057524524426,6.55773544311523,0.2197265625,1.35033831452563,0.230450049042702,0.401380598545074,0.217316478490829,0.150576561689377,-0.0204013511538505,0.935098887489868,0.935321390628815,0.762218654155731,5.5344705581665,0.0273580327630043,2.59697246551514,3.21196368094217,3.94151540789907,0.183996172822431,0.110660273628437,0.42822265625,0.586539590558101,6.34456729888916,0.1962890625,1.30172382476157,0.280808657407761,0.51608020067215,0.123111493885517,0.0796419978141784
0.0167778357863426,1.07322430710657,1.07335543632507,0.836445212364197,7.40039825439453,0.134670108556747,3.33699822425842,3.6730104659738,4.7146272280079,0.206845515374821,0.11778338271867,0.435546875,0.699472961221653,6.59600782394409,0.04931640625,1.06544465518945,0.259767860174179,0.424862414598465,0.211973533034325,0.102931708097458,0.0481046140193939,1.04391408066614,1.04502177238464,0.82256817817688,7.52589702606201,0.136427536606789,3.23493576049805,3.68236119925812,4.68246596704308,0.209796652014605,0.128129567289754,0.44384765625,0.712391907234773,6.58026933670044,0.04638671875,1.3857606387284,0.272393465042114,0.355357825756073,0.243561297655106,0.127953559160232,0.0172730796039104,1.01042592625482,1.01057350635529,0.804635167121887,6.32601356506348,0.0288783144205808,2.92503094673157,3.39337300846605,4.26331021624924,0.220341022288506,0.122668847387847,0.44384765625,0.706740784134895,6.56451559066772,0.21923828125,1.48811570719853,0.231808349490166,0.409141898155212,0.218405544757843,0.140591084957123,-0.0366560295224189,0.917244494961334,0.91797661781311,0.752397656440735,5.50471496582031,-0.0083773918449878,2.59882688522339,3.23925601805731,3.95357473102114,0.18276518444822,0.109872149877785,0.42822265625,0.563522990704453,6.34073305130005,0.1962890625,1.6574695993304,0.279349654912949,0.528291940689087,0.113863669335842,0.0781338810920715
0.0286765471100807,1.06069827179773,1.06108593940735,0.823269248008728,9.32198143005371,0.219220623373985,3.78073263168335,5.65458439464066,7.2907741550923,0.205407912521876,0.119002577226967,0.43701171875,0.695930698264208,6.59106254577637,0.22021484375,1.03492519263088,0.266761660575867,0.422043085098267,0.20497439801693,0.105982288718224,0.0552761927247047,1.0486536036001,1.05010950565338,0.826667129993439,7.1147894859314,0.176498875021935,3.19651913642883,3.40490797848571,4.33233644148264,0.211358354313226,0.127769468504809,0.44384765625,0.70913994429569,6.58515357971191,0.04638671875,1.5654738785431,0.268395245075226,0.350381731987,0.251424849033356,0.128993153572082,0.0063701295293867,0.995410443352295,0.995430827140808,0.792079508304596,6.19897508621216,0.0263512134552001,2.93016052246094,3.34016647491427,4.19772341462,0.222204176842565,0.121426846041394,0.4404296875,0.69903784048524,6.56379079818726,0.2197265625,1.07301034868711,0.226292118430138,0.406102269887924,0.228880882263184,0.138628035783768,-0.0017494121566414,0.937412084148956,0.93741375207901,0.76941841840744,5.62800884246826,0.0308634303510189,2.59291982650757,3.21077460842072,3.91188668766683,0.184356832875293,0.108727206991195,0.42822265625,0.575546900263014,6.36154747009277,0.13916015625,1.08167192735678,0.27729719877243,0.528657019138336,0.116029188036919,0.0776595473289489
0.01901326328516,1.03713464836938,1.03730893135071,0.812241315841675,9.38169288635254,0.18866616487503,3.73525738716125,5.78419775717446,7.38797998227027,0.204939359046843,0.119098918166036,0.43798828125,0.688544013285721,6.59295845031738,0.04931640625,1.14635058566483,0.2706338763237,0.419910430908203,0.202764600515366,0.106652781367302,0.0400788001716136,1.02040040593011,1.02118718624115,0.808056116104126,6.56596088409424,0.188095614314079,3.15782499313354,3.50467614818893,4.43249436529988,0.210240217875015,0.126529525633367,0.443359375,0.700003482761238,6.56690692901611,0.04638671875,1.53578722667731,0.272106170654297,0.344769656658173,0.263068318367004,0.119586408138275,-0.0047813565470278,0.990518272923065,0.990529835224152,0.789028286933899,6.08771133422852,0.0122399339452385,2.9141263961792,3.28946085896895,4.12976589161879,0.221342215420856,0.121585858013575,0.4423828125,0.704066697832128,6.56230974197388,0.2197265625,1.25467553683889,0.225936368107796,0.413743257522583,0.223648771643639,0.136646926403046,0.003823812585324,0.937901021050049,0.937908828258514,0.768581211566925,5.50952386856079,0.007444622926414,2.60624432563782,3.14151994463563,3.83383944505317,0.182307972840842,0.108129788916744,0.4248046875,0.571324027562803,6.35219287872314,0.19580078125,1.09781987361377,0.280495822429657,0.533150672912598,0.112122222781181,0.0738706886768341
0.0199427586048841,1.03593063454492,1.0361225605011,0.801050961017609,10.3930644989014,0.193047374486923,4.18354368209839,5.79082072231629,7.49216373251154,0.205993672430775,0.118405266641576,0.43310546875,0.686387240547555,6.58294725418091,0.04931640625,1.10302352053369,0.266998708248138,0.419122040271759,0.210786461830139,0.103088684380054,0.0365098156034946,1.01712393860681,1.01777899265289,0.807330131530762,6.56596040725708,0.152222529053688,3.12255001068115,3.51641187513268,4.4364092905797,0.211910597024457,0.126634282394791,0.4443359375,0.688795767766572,6.54823112487793,0.04638671875,1.42175388762278,0.267592549324036,0.348812997341156,0.262109905481339,0.120925031602383,-0.0136238783597946,0.998010815189911,0.99810379743576,0.79186749458313,6.4614782333374,0.0164623521268367,3.04820847511292,3.37346912125092,4.25259127531746,0.220636026186394,0.123681897709958,0.4462890625,0.709981368640355,6.56976270675659,0.2197265625,1.09814617497572,0.235875636339188,0.398804098367691,0.228009149432182,0.136906385421753,0.0227487944066524,0.936206878231598,0.936483204364777,0.766909122467041,5.50952386856079,-0.0124391308054327,2.57100105285645,3.1463023324778,3.84283559249119,0.183155729398214,0.110087125624875,0.427734375,0.577416672477258,6.35952472686768,0.19677734375,1.31871969753943,0.283579766750336,0.522625803947449,0.115420326590538,0.0780383199453353
0.0118089001625776,1.05908072094782,1.05914652347565,0.820820808410645,10.3930644989014,0.171817108988762,4.11499071121216,5.66493857209268,7.31078345154002,0.205249143353788,0.118783266794263,0.4345703125,0.69366401287948,6.58520746231079,0.04931640625,1.21097194049113,0.271425783634186,0.423033118247986,0.201628506183624,0.103903234004974,0.0399484559893608,0.978291035698486,0.979106307029724,0.783554673194885,6.28443813323975,0.149480670690536,2.9604868888855,3.45104420638799,4.31593817791936,0.210876622820686,0.127842358962589,0.443359375,0.689331002666664,6.5423173904419,0.04638671875,1.31547591422216,0.276856601238251,0.330997169017792,0.270348012447357,0.121258199214935,-0.019400704652071,1.01328432659967,1.01347005367279,0.800952315330505,6.59461402893066,0.059926837682724,3.0782687664032,3.39273640177501,4.29389458223132,0.221292999279282,0.125856772631517,0.44580078125,0.723782625169632,6.57467889785767,0.2197265625,1.14540931590562,0.240977734327316,0.387024283409119,0.227757662534714,0.144174695014954,0.0165284965187311,0.936044157551361,0.936190009117126,0.766865193843842,5.42388391494751,-0.0141672026365995,2.53650808334351,3.0871674674228,3.76907901187368,0.182417121465766,0.11000663155083,0.4248046875,0.577779651617977,6.34446144104004,0.1962890625,1.36720618783478,0.293432176113129,0.510470271110535,0.118774339556694,0.0771713256835937
-0.008580669760704,1.04252278904779,1.0425580739975,0.815738320350647,9.07828140258789,0.0347057357430458,3.69538640975952,4.35384925804238,5.56491390479126,0.203356126647734,0.12026598014052,0.43603515625,0.699652110664113,6.59289121627808,0.04931640625,1.0666489776993,0.281620115041733,0.413923740386963,0.201813474297523,0.102541841566563,0.0236100312322378,0.974620760487152,0.97490668296814,0.782966613769531,6.16586303710938,0.0947149693965911,2.88949775695801,3.4005157636024,4.23531823002278,0.207337503950205,0.126848105693697,0.44189453125,0.695886690503827,6.54824590682983,0.04638671875,1.22331666751541,0.284982681274414,0.337514609098434,0.26153028011322,0.115472733974457,0.0059515424072742,1.01750063996179,1.01751816272736,0.804354548454285,6.67487812042236,0.105592526495457,3.11931991577148,3.47377237077444,4.3944269369734,0.219679992059792,0.124860184424336,0.4462890625,0.721873117536432,6.57784938812256,0.21923828125,1.56738981363175,0.242367565631866,0.391485005617142,0.227612242102623,0.138397291302681,-0.0062238797545433,0.917809010552002,0.917830109596252,0.752541422843933,5.30645275115967,-0.0256426241248846,2.54017734527588,3.07447868092837,3.74991065009411,0.180950543153563,0.108811617103108,0.4208984375,0.566594438776705,6.34461498260498,0.1962890625,1.80851175166867,0.289383888244629,0.524122357368469,0.112198740243912,0.0740382224321365
0.0183726288378238,1.09114754299982,1.09130227565765,0.845956742763519,10.647518157959,0.134272783994675,4.28257274627686,5.49801840272549,7.09346385399307,0.205430467308558,0.119404420827439,0.4306640625,0.694089610729153,6.5905590057373,0.04931640625,1.19769731285563,0.271252512931824,0.417160928249359,0.210821092128754,0.100671648979187,0.0243260413408279,0.984536648796631,0.984837114810944,0.788627803325653,6.4076623916626,0.0856296047568321,2.89217138290405,3.50495099604315,4.37890028643201,0.205704947047002,0.126970912299551,0.44287109375,0.681263042060286,6.5462646484375,0.04638671875,1.32175343713768,0.287077903747559,0.341576874256134,0.255322515964508,0.115535415709019,0.023712558671832,0.996016920612884,0.996299147605896,0.792943358421326,7.07293796539307,0.139892145991325,3.16192770004272,3.95839289118067,4.97448484493879,0.21843108070748,0.124572517364489,0.44189453125,0.720465254651863,6.58799648284912,0.21923828125,1.21379951467919,0.248953983187675,0.383968502283096,0.231850564479828,0.134985312819481,0.0104172136634588,0.951679230736328,0.951736271381378,0.777210175991058,5.49856615066528,0.0379359237849712,2.56056308746338,3.02736041081043,3.7074105484403,0.18194231979543,0.110295018133171,0.42578125,0.580587103156339,6.37490224838257,0.1962890625,1.45661172351016,0.295175611972809,0.51047158241272,0.115604415535927,0.0786860436201095
0.0173510760068893,1.01848900418146,1.0186368227005,0.802262663841248,10.3836078643799,0.14422270655632,3.94488477706909,5.81124114330189,7.38012065885649,0.204081513174672,0.120618310044368,0.4287109375,0.700545399893948,6.60075664520264,0.04931640625,1.2505486080046,0.281402260065079,0.40301126241684,0.214643463492393,0.100835971534252,0.0296955965459346,1.00853943924768,1.00897645950317,0.799461364746094,7.75003147125244,0.24115440249443,3.26294469833374,4.7515228143006,6.00047670220589,0.20460426033507,0.12594777663325,0.44091796875,0.678613536827505,6.54139804840088,0.04638671875,1.33896305589877,0.285207033157349,0.352526038885117,0.250763595104217,0.111382648348808,0.0299507863819599,0.989790202187134,0.990243196487427,0.790517389774323,7.11444234848022,0.146536841988564,3.11151361465454,3.86581172875438,4.84424776752714,0.219039371627881,0.125272319709732,0.44189453125,0.729312888613988,6.59361934661865,0.2197265625,1.39732061480534,0.248169273138046,0.38217306137085,0.229822158813477,0.139760926365852,0.0090657277032732,0.937208534287048,0.937252342700958,0.76506495475769,5.4394416809082,0.0393340066075325,2.58026719093323,3.06430308837393,3.75418023412016,0.183115367390458,0.111028200501969,0.43408203125,0.580065103779797,6.37038087844849,0.1962890625,1.12808572573713,0.292891383171081,0.511263370513916,0.114200815558434,0.0814514756202697
0.0108639262616634,1.02458989720209,1.02464747428894,0.807056188583374,10.3836069107056,0.158480927348137,3.89782285690308,5.75116684405943,7.30395353495257,0.204102607393483,0.120264041418737,0.42919921875,0.695849860415194,6.59442901611328,0.04931640625,1.27385150970679,0.279796987771988,0.399681210517883,0.220459491014481,0.0998540446162223,0.0089547773823142,1.00715589623315,1.00719571113586,0.794536352157593,7.7566442489624,0.210137203335762,3.36929750442505,4.84172863193793,6.13837091525813,0.205151776282538,0.125203371584856,0.44091796875,0.686504119955567,6.55119609832764,0.04638671875,1.19403216001428,0.282009363174438,0.355570197105408,0.252735495567322,0.10952416062355,0.0486209690570831,0.98648077349527,0.987678229808807,0.787514209747314,7.15248680114746,0.129632890224457,3.1457417011261,3.91483679839782,4.91480024792063,0.220818525637226,0.125134017406721,0.4453125,0.726085489585388,6.5856990814209,0.2197265625,1.70570835007712,0.247013628482819,0.377780705690384,0.233553633093834,0.141450867056847,0.0168146900832653,0.96128100256784,0.961428046226502,0.77990335226059,5.62075614929199,0.066443532705307,2.61541390419006,3.08682396040614,3.8058519786947,0.182942131982836,0.111351750474779,0.4326171875,0.57732723795321,6.36303949356079,0.19677734375,1.27384412760448,0.293772101402283,0.509215891361237,0.114530846476555,0.0822857916355133
0.0067644966766238,1.04255926709039,1.04258131980896,0.817325174808502,10.3836069107056,0.119428314268589,3.85531997680664,5.65223879338115,7.21122925068472,0.20776636788914,0.119692715810494,0.42919921875,0.699295882057294,6.59386205673218,0.04931640625,1.28829413120021,0.265922129154205,0.402348965406418,0.228082597255707,0.103520229458809,0.0206628572195768,1.00406777958734,1.00428032875061,0.794111371040344,7.7566442489624,0.267362713813782,3.3451099395752,4.85578396086311,6.14313341862383,0.206832574289059,0.125751055146739,0.44287109375,0.690861555024661,6.54753160476685,0.04638671875,1.0638935635858,0.275936424732208,0.360469400882721,0.251250267028809,0.112253278493881,0.0398958213627338,0.991845429943634,0.992647588253021,0.790040016174316,7.11444187164307,0.141347244381905,3.1449716091156,3.86729036591196,4.86169353022557,0.220942850524325,0.124951900634543,0.4443359375,0.713717929929281,6.57422876358032,0.2197265625,1.45395452185186,0.246598407626152,0.373816639184952,0.24030601978302,0.138860881328583,0.0102681191638112,0.958207369850708,0.958262383937836,0.778125524520874,5.4558801651001,0.102515026926994,2.63054513931274,3.01881367292993,3.71848706342656,0.185708594844984,0.113193758083348,0.435546875,0.585970705843757,6.36711931228638,0.1962890625,1.28171036861621,0.287355005741119,0.499837756156921,0.127151101827621,0.0852335095405578
0.0029337359592318,1.01217937569482,1.01218366622925,0.802414894104004,7.33952331542969,0.009132757782936,3.16233539581299,3.68258112052278,4.64552080744837,0.204509728053794,0.120390556596563,0.4306640625,0.695559559419533,6.58634281158447,0.04931640625,1.07693327627307,0.279351115226746,0.394054174423218,0.223977163434029,0.102289736270904,0.0258292965590953,1.00673294167383,1.00706422328949,0.799411296844482,7.85159683227539,0.224050268530846,3.26859164237976,4.70132116906699,5.92362168935064,0.205735149233757,0.127009114172972,0.4423828125,0.68164164313926,6.53496360778809,0.04638671875,1.11446209811403,0.28543496131897,0.347394526004791,0.253147661685944,0.113647677004337,0.02271419018507,0.996696353958679,0.996955156326294,0.791617512702942,6.7766900062561,0.104157470166683,3.08778810501099,3.54569292772012,4.46683211242949,0.223625890971579,0.126865964937574,0.44677734375,0.723874744519286,6.57734441757202,0.22021484375,1.05640703239167,0.243818268179893,0.365262180566788,0.240485295653343,0.150252118706703,0.0095225572586059,0.941918254898621,0.941966414451599,0.767480611801147,5.47570466995239,0.0855958461761474,2.6013560295105,2.97197355168765,3.64804654211412,0.185901458890866,0.112532583307775,0.435546875,0.590376206347913,6.37265348434448,0.1962890625,1.48349945304223,0.289251863956451,0.497096419334412,0.129605293273926,0.0834941789507865
0.0220831856131553,0.998611510799957,0.998855650424957,0.792350888252258,7.33952331542969,0.0654511228203773,3.14468026161194,3.70506366820366,4.67145055329567,0.203892968903799,0.122595768130804,0.43896484375,0.701372051895226,6.59562635421753,0.04931640625,1.06613189986021,0.28630393743515,0.387736797332764,0.218614473938942,0.107107780873775,0.0207293033599853,0.993763388203216,0.993979573249817,0.797080159187317,7.2753324508667,0.102588325738907,2.95992112159729,4.08463265522989,5.09422082717289,0.205537900074857,0.127136884710011,0.44140625,0.684178643341936,6.54345750808716,0.04638671875,1.49576493900981,0.287578642368317,0.344069808721542,0.252786755561829,0.115011781454086,0.0238702949136495,0.999582708881928,0.999867677688599,0.795279860496521,6.72360801696777,0.097135528922081,2.99429178237915,3.57172400756915,4.49176687909531,0.224457398528115,0.12477953372134,0.4462890625,0.716959051399863,6.58136653900146,0.21923828125,1.65938365612991,0.234287738800049,0.380156725645065,0.237341165542603,0.148181885480881,0.0331417471170425,0.953758479164673,0.954334139823914,0.773850202560425,5.57188034057617,0.125706389546394,2.6069815158844,3.01911939360377,3.72463602269703,0.183484233470835,0.111259190912595,0.4287109375,0.58511249150141,6.37834453582764,0.1962890625,1.91036347163967,0.290822386741638,0.50250118970871,0.126408115029335,0.0796653181314468
0.0153101384639739,0.968826354549957,0.968947350978851,0.77445924282074,6.94379615783691,0.0466982759535312,2.95520639419556,3.65902272589692,4.57825816835699,0.202202878783222,0.121902196342861,0.435546875,0.699612691478706,6.60264587402344,0.04931640625,1.15907423241476,0.291493654251099,0.390496134757996,0.214230626821518,0.103588208556175,0.0449689179658889,0.991646648453308,0.992665767669678,0.796390950679779,7.07900094985962,0.136283308267593,2.97241306304932,3.94984054044205,4.92597096791182,0.20502894398915,0.127121827528438,0.44140625,0.691619905989273,6.55677652359009,0.04638671875,1.712310842821,0.287498563528061,0.349509298801422,0.248297303915024,0.114352568984032,0.0102112721651792,1.00040865044458,1.00046074390411,0.797875761985779,6.61909675598145,0.0856095626950264,2.94359111785889,3.49665491574032,4.38452958443321,0.223841111271318,0.12510392197077,0.4453125,0.727441505504381,6.59067916870117,0.2197265625,1.20024557219705,0.234644621610641,0.383241444826126,0.233430624008179,0.148269504308701,0.0092852907255291,0.94964850048883,0.949693858623505,0.767900705337524,5.6860294342041,0.0841285660862922,2.6960563659668,3.00124864596711,3.71233554630259,0.18396619906109,0.110345583310865,0.4267578125,0.579471578332677,6.38086795806885,0.1962890625,1.45071364249617,0.281521499156952,0.514898240566254,0.124893419444561,0.0782672464847564
0.0263726245611906,0.996749580906464,0.997098386287689,0.795644402503967,8.7424373626709,0.119645401835442,3.30755424499512,4.83057194900548,6.05389791320359,0.201995654151927,0.121367464503699,0.43603515625,0.706127475237369,6.60221576690674,0.04931640625,1.29171621966528,0.286841630935669,0.4040886759758,0.203878819942474,0.105088591575623,0.0384536311030387,0.990330279873444,0.991076588630676,0.795593500137329,7.01345539093018,0.137285098433495,2.94842433929443,3.91954319151898,4.88531651899517,0.203983337994348,0.127069092262398,0.44287109375,0.687134576670456,6.56743574142456,0.04638671875,1.73584826642049,0.288758039474487,0.352008879184723,0.244787156581879,0.113869465887546,0.014934211038053,1.01708221535547,1.01719176769257,0.811764001846313,6.58345985412598,0.059788879007101,2.94338607788086,3.32250908897662,4.16347261738031,0.220047271363319,0.125880071151696,0.443359375,0.722199532667232,6.58691596984863,0.2197265625,1.38603405179772,0.246660903096199,0.38643604516983,0.218094795942306,0.148399889469147,0.0077321915887296,0.959932447479797,0.959963619709015,0.776372909545898,6.05542802810669,0.0382202006876468,2.71573400497436,3.2554779797123,4.02569971761888,0.184042471782945,0.111060830297409,0.42724609375,0.599250509577716,6.41276168823242,0.13916015625,1.0197775426592,0.289353609085083,0.50439465045929,0.124665141105652,0.0812888965010643
0.0343506783246994,0.958550275372101,0.959165573120117,0.766878366470337,8.21578502655029,0.147906348109245,3.17473793029785,4.71910389482526,5.90360570522166,0.204338865687728,0.121667527868318,0.4365234375,0.71380981062777,6.6061429977417,0.04931640625,1.2917906048697,0.277416229248047,0.405936539173126,0.20969146490097,0.106504738330841,0.0592908263206481,1.00870442490442,1.01044547557831,0.807308733463287,6.7127890586853,0.128292411565781,2.96602869033813,3.47745194424609,4.35719247408607,0.206100318515335,0.127415465301107,0.44287109375,0.686476615408812,6.54433488845825,0.04638671875,1.37561933883892,0.28289532661438,0.34650719165802,0.252976953983307,0.117092296481132,0.0168608427047729,1.0261744270788,1.02631294727325,0.813498497009277,6.69358825683594,0.115297436714172,3.06254005432129,3.62173254103292,4.57006046984099,0.220941316519291,0.125347287888843,0.443359375,0.731421295968982,6.59014415740967,0.2197265625,1.04778851365178,0.247549220919609,0.376155763864517,0.230945184826851,0.145319283008575,0.0100561268627643,0.974620581673218,0.974672436714172,0.782652676105499,6.1930513381958,0.0388128347694873,2.75563859939575,3.27922094978647,4.08391469737719,0.182268978392829,0.112249240036118,0.427734375,0.580952289485333,6.37896966934204,0.19677734375,1.15783334832845,0.295616626739502,0.499223917722702,0.122517786920071,0.082219511270523
0.0284303724765777,0.988927722977234,0.989336252212524,0.787728011608124,8.52387714385986,0.148160248994827,3.20094394683838,4.74675996615815,5.963447358987,0.205773321753441,0.120489007609423,0.4375,0.715403506127187,6.61329936981201,0.04931640625,1.28347323543484,0.272109538316727,0.412926346063614,0.206533163785934,0.107970751821995,0.0543157085776329,1.02646637062891,1.02790248394012,0.817492783069611,6.90861892700195,0.153420925140381,3.06534481048584,3.52936554930526,4.44215116788981,0.207639416958187,0.126951431732963,0.4423828125,0.686439922792207,6.5470085144043,0.04638671875,1.25978448994106,0.276816785335541,0.348426818847656,0.256316125392914,0.118304796516895,0.028677612543106,1.01973974804742,1.02014291286469,0.81090235710144,6.7120943069458,0.113265320658684,3.06583690643311,3.62751567582025,4.5650132416433,0.220059240337267,0.126011660082997,0.44189453125,0.716696535118467,6.58049201965332,0.22021484375,1.10702034268196,0.252104789018631,0.375463873147964,0.225534647703171,0.146750032901764,-0.0183186829090118,0.955703557537628,0.955879092216492,0.769240260124207,5.76314926147461,-0.0022776275873184,2.75287246704102,3.29290970093229,4.09233638733344,0.184368048366516,0.112594726645446,0.4345703125,0.587817746534544,6.3712329864502,0.1962890625,1.07234640811232,0.287456631660461,0.505130589008331,0.122552119195461,0.0845218822360038
0.0045457743108272,1.02883946995599,1.02884948253632,0.817569255828857,8.97250080108643,0.130125731229782,3.30221223831177,4.77881541001567,6.01423703119079,0.205626903199283,0.120912039775217,0.43798828125,0.720608249693141,6.61482334136963,0.04931640625,1.20403314317725,0.272480487823486,0.417136669158935,0.199250519275665,0.110519282519817,0.044511467218399,1.03551471333368,1.03647089004517,0.821989417076111,7.49510669708252,0.210323706269264,3.19114971160889,4.16351717939494,5.25749563213253,0.20921581327409,0.12830232399648,0.443359375,0.704046507460726,6.56265163421631,0.04638671875,1.12539232584705,0.272357702255249,0.350545287132263,0.253711402416229,0.123227208852768,0.0269882287830114,1.00776171784265,1.00812304019928,0.801801443099976,6.69400215148926,0.098098374903202,3.03293442726135,3.66087227719427,4.60532628239603,0.221976148895896,0.125427195670911,0.4443359375,0.725015377761952,6.58917140960693,0.21923828125,2.02488452361023,0.246043473482132,0.378069370985031,0.227227836847305,0.148325636982918,-0.0153875481337308,0.952342749641968,0.952467024326324,0.76895797252655,5.76314926147461,0.0228575468063354,2.70775365829468,3.30470604784721,4.0936021351033,0.182687968790272,0.110601504788587,0.427734375,0.580585900284412,6.38193273544312,0.1962890625,1.48296002141998,0.286860287189484,0.513828158378601,0.118179850280285,0.0810350328683853
-0.0002842247486114,1.04448449711664,1.04448449611664,0.830720543861389,6.63403272628784,0.129214882850647,2.95083403587341,3.37035879752248,4.23763297949172,0.20178626438034,0.121084675140476,0.4326171875,0.702308649885255,6.6014928817749,0.04931640625,1.25358550974073,0.286236584186554,0.405689269304276,0.205239579081535,0.102413326501846,0.0549831725656986,1.03916442494257,1.04061794281006,0.820826351642609,7.89429473876953,0.179521545767784,3.28375458717346,4.16676640297116,5.29057943613782,0.208373230987499,0.127348076421071,0.443359375,0.704934791444472,6.56570339202881,0.04638671875,1.4236673535819,0.274039447307587,0.353191077709198,0.252407521009445,0.120237149298191,0.0156209236010909,1.00114870171411,1.00127053260803,0.795011758804321,6.73414516448975,0.0273138135671615,3.06077527999878,3.62974573844327,4.57218407603545,0.225151947570293,0.123120982307374,0.44140625,0.71591439863894,6.58680200576782,0.21923828125,1.15854240375937,0.222829937934875,0.393439054489136,0.238919898867607,0.144253432750702,-0.0048240940086543,0.97680789332254,0.976819813251495,0.787019014358521,5.64885902404785,0.0487040914595127,2.70939111709595,2.89537723436907,3.59385354642734,0.182642136334072,0.109469178040461,0.4248046875,0.575618793926442,6.3825511932373,0.1962890625,1.35948374664237,0.288030475378036,0.518886148929596,0.114840015769005,0.0782301798462867
-0.0044416580349206,1.05226993660791,1.0522792339325,0.824865221977234,9.44287109375,0.104469448328018,3.58986663818359,4.50418899970026,5.74622830453692,0.202854301929658,0.119885989014428,0.43310546875,0.699068149183182,6.590500831604,0.04931640625,1.28525606466073,0.280809164047241,0.407686859369278,0.209458321332931,0.101858116686344,0.0501601621508598,1.04069542984827,1.04190349578857,0.817824423313141,8.72386932373047,0.179831653833389,3.48042440414429,4.2423696659099,5.41202267181136,0.206210985130077,0.127531439675935,0.44189453125,0.705032578759292,6.57157897949219,0.04638671875,1.50038805026476,0.283102989196777,0.353624790906906,0.244796589016914,0.11843129247427,0.0058867502957582,0.992153466747833,0.992170870304108,0.79302716255188,6.25757884979248,0.0064709596335887,2.95476889610291,3.23178158334095,4.04357601110351,0.22441942530962,0.123918195604889,0.4423828125,0.721155791797517,6.58760404586792,0.2197265625,1.05999229936688,0.227901071310043,0.390261232852936,0.234125047922134,0.14736333489418,-0.0073223486542701,0.967300296829773,0.967328071594238,0.782181024551392,5.92802429199219,0.0290026664733886,2.70728349685669,3.24618856491228,4.01472816200626,0.182156098106862,0.109649298992988,0.4248046875,0.58007453050081,6.37874412536621,0.197265625,1.02056756662465,0.286527156829834,0.519275069236755,0.117305286228657,0.0764114633202552
-0.0078695248812437,1.03785240750177,1.03788220882416,0.817458391189575,9.19437408447266,0.0861609056591987,3.5644702911377,4.42939188929272,5.62428563758195,0.204041274631083,0.118745900360047,0.4326171875,0.701593776657629,6.5949125289917,0.04931640625,1.11862211040087,0.271188378334045,0.417363315820694,0.211444899439812,0.0999895632266998,0.0531938076019287,1.06380915741785,1.06513822078705,0.834374964237213,9.0452766418457,0.165520668029785,3.42999362945557,4.29271763409222,5.48828638019373,0.206402849321959,0.126406025586556,0.44091796875,0.705741611370227,6.57292604446411,0.04638671875,1.40333974966452,0.27949470281601,0.354564905166626,0.251007467508316,0.114778079092503,0.0002080120611935,1.0011830339895,1.0011830329895,0.79741907119751,6.29051399230957,0.0529621914029121,3.00498294830322,3.22663865219934,4.05114370795276,0.222576320655067,0.123443460505124,0.44189453125,0.71323818142503,6.57938766479492,0.2197265625,1.40390408627224,0.231504932045937,0.389028638601303,0.23886513710022,0.140522718429565,-0.0021182573400437,0.978917718933655,0.978919982910156,0.789074659347534,6.06275177001953,0.0239181388169527,2.74441051483154,3.28065158772961,4.07012219053234,0.183064299825163,0.109688183672704,0.42236328125,0.582322087509099,6.38464736938477,0.19677734375,1.33228441557975,0.285710394382477,0.516197144985199,0.12128534913063,0.0766152590513229
0.0050086397677659,1.05400633911951,1.05401813983917,0.827123701572418,9.37949657440186,0.122156910598278,3.69011163711548,4.46657893464826,5.69214246612043,0.203852535189172,0.119046060314995,0.43212890625,0.694410633048887,6.58225250244141,0.04931640625,1.25770314922005,0.274581283330917,0.409533649682999,0.216860443353653,0.0986994951963424,0.0299151502549648,1.02667033772333,1.02710604667664,0.810693383216858,8.06743907928467,0.126679629087448,3.23448920249939,4.16547790388074,5.28127476238285,0.206334743075481,0.128780706684714,0.4423828125,0.677243600221608,6.5382285118103,0.04638671875,1.27427646196438,0.286601722240448,0.346095621585846,0.241403341293335,0.125830724835396,0.0025920802727341,0.996382773922516,0.996386170387268,0.795170366764069,6.43037796020508,0.0324019417166709,3.00427079200745,3.261924411197,4.08735911709914,0.222317185672951,0.125589916908994,0.44287109375,0.717351632566132,6.57171869277954,0.2197265625,1.6956299403165,0.241384580731392,0.374189585447311,0.238213419914246,0.146091461181641,-0.0106962705031037,0.962982953594757,0.963042378425598,0.781027317047119,5.92802381515503,0.032542735338211,2.67754101753235,3.24507026574312,4.0014805801297,0.184995998367882,0.111073865022142,0.42578125,0.578117625440697,6.36175107955933,0.2080078125,1.0263789486915,0.277353227138519,0.516302525997162,0.125519901514053,0.080605149269104
0.032060258090496,1.05555105309351,1.05603778362274,0.831715881824493,9.31696510314941,0.132050350308418,3.64969658851624,4.47089641642101,5.67888359942203,0.205672336375807,0.120032479009458,0.43603515625,0.71022352262107,6.6014461517334,0.04931640625,1.13347079674066,0.26967179775238,0.409816145896912,0.216231971979141,0.104034379124641,0.0369487889111042,1.03667652706964,1.03733479976654,0.821346700191498,8.22878742218018,0.131908968091011,3.16818046569824,4.20689156256957,5.3158951531006,0.209180276374646,0.130466923754787,0.44384765625,0.702146331570925,6.55557727813721,0.04638671875,1.24875451855332,0.289090514183044,0.331415802240372,0.246697187423706,0.132697075605392,0.0227211266756057,0.994726539658142,0.994985997676849,0.795009255409241,6.63656997680664,0.114040046930313,3.0021071434021,3.42106026129991,4.28244926109184,0.219210021483672,0.127304932643217,0.447265625,0.723048534186383,6.57198905944824,0.2197265625,1.24857713793826,0.252423226833344,0.380537390708923,0.219669476151466,0.147094964981079,-0.0149886822327971,0.958039582775665,0.958156824111938,0.775635004043579,5.92802381515503,0.0511474758386611,2.66956043243408,3.2616165832346,4.02921380562742,0.185111771715578,0.112954048225338,0.4267578125,0.593702347295992,6.36090850830078,0.1962890625,1.29432681134066,0.28954941034317,0.495505213737488,0.130178704857826,0.0844354331493377
0.0292713046073913,1.01609242062433,1.01651406288147,0.807753443717957,8.16680717468262,0.133732438087463,3.26566123962402,4.32193216103047,5.44077452922082,0.203726577828831,0.121357810656838,0.4326171875,0.706315627084615,6.60465717315674,0.04931640625,1.27520236229174,0.280456185340881,0.399755865335464,0.2165407538414,0.102815248072147,0.0438682474195957,1.03118217091425,1.0321147441864,0.8188516497612,6.7651424407959,0.18091806769371,2.93678879737854,3.74457605695679,4.72436558331027,0.205638712684449,0.130692458202833,0.443359375,0.70473387159361,6.56949138641357,0.04638671875,1.10736397921972,0.292569756507873,0.343657851219177,0.233322441577911,0.130187302827835,0.010271968320012,1.00105679135187,1.00110948085785,0.797448337078094,6.74135780334473,0.129730746150017,2.97977161407471,3.42899874209676,4.30489671863178,0.21683862874367,0.125930582287373,0.44384765625,0.721703837593797,6.58779239654541,0.2197265625,1.43274749901347,0.252078413963318,0.393021583557129,0.216126963496208,0.138202682137489,-0.0159364510327577,0.975085736321045,0.975215971469879,0.78742378950119,5.81560850143433,0.0366271436214447,2.68789625167847,3.15076849109627,3.90242094867054,0.184096710156657,0.110104203397494,0.423828125,0.590653876978281,6.39379358291626,0.1962890625,1.08706650246969,0.281493574380875,0.518234312534332,0.120809584856033,0.079216331243515
0.0125330043956637,1.04502952198846,1.04510462284088,0.826405823230743,8.2786808013916,0.0766659677028656,3.27474737167358,4.27012378892687,5.40136284250069,0.203283726336886,0.121662464316055,0.43310546875,0.71042846432116,6.61601591110229,0.04931640625,1.44435667155197,0.282298028469086,0.39671915769577,0.217289298772812,0.103217482566833,0.0277336575090885,0.992738545940948,0.993125855922699,0.790059804916382,6.7127890586853,0.156172901391983,2.95010423660278,3.69333341043761,4.64400910260287,0.205894539390119,0.130243737072203,0.4423828125,0.71122179252858,6.58792495727539,0.0458984375,1.1839192339571,0.29497554898262,0.334491312503815,0.24247196316719,0.127665534615517,0.0022499018814414,1.00950753788812,1.0095100402832,0.799830257892609,6.96118450164795,0.0965700075030326,3.05674505233765,3.50045557341708,4.41822804690862,0.217817461261746,0.127117332479026,0.4453125,0.73514122736331,6.60855150222778,0.2197265625,2.13863030654558,0.254678130149841,0.381285786628723,0.218704372644424,0.144972026348114,0.001392547506839,0.969504416988922,0.969505429267883,0.783469796180725,6.04842281341553,0.0685570612549781,2.71787357330322,3.15336327220446,3.90220000612507,0.182478810320257,0.109399114354817,0.4248046875,0.571727049717537,6.37017488479614,0.19677734375,1.03727742163381,0.286781907081604,0.519713878631592,0.114022053778171,0.0793493911623954
-0.0031554447486996,1.02521991829736,1.02522480487823,0.811062216758728,7.53788995742798,0.0806586444377899,3.20923089981079,3.6895489364328,4.66381695852659,0.204077515723924,0.121926249240265,0.43505859375,0.705089651578054,6.6059422492981,0.04931640625,1.50842111470753,0.277600944042206,0.401404500007629,0.215924844145775,0.104516744613647,0.0372386053204536,1.00805175404413,1.00873935222626,0.799239754676819,6.48860120773315,0.175016462802887,2.99920678138733,3.27637146757323,4.13824412396325,0.202748962031697,0.128608331410956,0.43994140625,0.708813392466302,6.5779972076416,0.04638671875,1.02211614920423,0.299154222011566,0.34425950050354,0.239750564098358,0.116438992321491,0.0045608100481331,1.02936768631799,1.0293778181076,0.81340503692627,7.08594179153442,0.120508529245853,3.1003212928772,3.55965288551868,4.50494876393622,0.216038266710651,0.125791696228519,0.44140625,0.717329378345005,6.59781694412231,0.2197265625,1.39028981429814,0.256110548973083,0.387527197599411,0.217169851064682,0.138863727450371,-0.0038660110440105,0.994795919464661,0.994803428649902,0.797155618667603,6.32334995269775,0.0618798770010471,2.8184552192688,3.212861901409,4.00963398683355,0.181775837281317,0.10998172068357,0.4248046875,0.584858352764133,6.3811502456665,0.173828125,1.04784837957289,0.297696650028229,0.507166028022766,0.116129405796528,0.0784355401992797
-0.0023424951359629,1.03840518097742,1.03840780258179,0.818306088447571,7.85639190673828,0.0123667605221271,3.30546617507935,3.79662570081444,4.81784042153275,0.203659246504567,0.121189687064072,0.43310546875,0.704993303041742,6.61077690124512,0.04931640625,1.46719513934184,0.27954164147377,0.394943535327911,0.222802326083183,0.102083198726177,0.0226728729903697,0.998311580227448,0.998569011688232,0.792428135871887,6.93006229400635,0.159456938505173,3.08718776702881,3.80110316401659,4.79140469113228,0.203178354961325,0.126357854879085,0.43603515625,0.694774277761411,6.55958938598633,0.04638671875,1.49689888975918,0.28647780418396,0.356934309005737,0.246015682816505,0.110296025872231,-0.0005551385693252,0.997447730110718,0.997447907924652,0.792130708694458,6.51459407806396,0.107092931866646,3.02785110473633,3.42139923534741,4.3082122878692,0.218050485091508,0.125148873731358,0.43603515625,0.731424685157351,6.60960006713867,0.2197265625,1.11516284347779,0.251790255308151,0.374864339828491,0.234381467103958,0.138881593942642,0.0022276835516095,1.00609743695123,1.00609993934631,0.801312923431396,6.99499893188477,0.0484141409397125,2.92390060424805,3.87928852719327,4.87092101236885,0.185663305644861,0.110809769540876,0.4306640625,0.59672534160185,6.38310813903809,0.17333984375,1.02762745564984,0.283531099557877,0.510854780673981,0.123206004500389,0.0818323045969009
0.0085211163386702,1.02853322129114,1.02856862545013,0.813594818115234,7.67589473724365,-0.0043798927217721,3.19791984558105,3.83294404674766,4.84635583151553,0.203373597693274,0.121037875349567,0.43310546875,0.704926378990909,6.60585784912109,0.04931640625,1.26953384596594,0.280891418457031,0.397905230522156,0.216023802757263,0.104854308068752,0.0182988177984952,0.965365649269653,0.965539038181305,0.769618630409241,6.73206043243408,0.181830704212189,3.14693450927734,3.81881636294822,4.79152209659635,0.202462481554519,0.125424424178698,0.4326171875,0.679377280217994,6.53319454193115,0.04638671875,1.39942990952383,0.291330277919769,0.350119352340698,0.252649366855621,0.105887785553932,0.0061774291098117,1.01690185170038,1.01692068576813,0.806489825248718,6.64056634902954,0.0984147191047668,3.09926509857178,3.433601984022,4.32953658831803,0.22037102798333,0.127062130724453,0.44384765625,0.729422787475427,6.59692478179932,0.2197265625,1.09706596443264,0.24950847029686,0.366961240768433,0.234611913561821,0.148824319243431,0.0007202129345387,0.999028504894806,0.999028742313385,0.795622110366821,6.84126281738281,0.0604787729680538,2.98111915588379,3.82088382469533,4.7977801235574,0.18435947797926,0.108734044593827,0.42626953125,0.563179553196145,6.31023836135864,0.17333984375,1.37975326177615,0.276454448699951,0.524314999580383,0.118641301989555,0.0803999751806259
0.0222758688032627,1.04765868286951,1.04789543151855,0.829332232475281,7.99613666534424,0.0217277556657791,3.21985578536987,3.88995884222676,4.91568070044926,0.202786183036746,0.122419748550085,0.43408203125,0.714359722574503,6.61203670501709,0.04931640625,1.21733274762973,0.288976699113846,0.389677911996841,0.213010281324387,0.10808140039444,0.0184143204241991,0.996754170464111,0.9969242811203,0.79518187046051,7.13126659393311,0.12876832485199,3.16782188415527,3.77040938148776,4.72794739339737,0.200491637502249,0.124061232683985,0.431640625,0.664217322944119,6.52071571350098,0.04638671875,1.21476488507387,0.289127796888351,0.356703519821167,0.255128562450409,0.0988224148750305,0.0095900520682334,1.00559306244714,1.00563883781433,0.799306392669678,6.49698686599731,0.1030513048172,3.05814123153686,3.38979837048573,4.26528819673712,0.220482137727133,0.125424747623252,0.44091796875,0.725846599769318,6.59916067123413,0.21923828125,1.37181062359752,0.243511825799942,0.382085561752319,0.227146238088608,0.14713642001152,-0.0042599532753229,1.00707960228784,1.00708866119385,0.801402866840363,6.76690196990967,0.0422512181103229,2.94172859191895,3.74910582776167,4.71138943856665,0.182450865672773,0.107438747980978,0.419921875,0.56750781644759,6.33182287216187,0.17333984375,1.23532804109524,0.274583220481873,0.536854565143585,0.113763637840748,0.0745109170675277
0.0359220504760742,1.04595935444696,1.04657602310181,0.825426578521729,7.99613666534424,-0.0048818849027156,3.20868015289307,3.89486287625682,4.9418789703019,0.20065387324286,0.121687515003728,0.4306640625,0.715956358530512,6.61841726303101,0.04931640625,1.31420163927736,0.291924506425857,0.396362870931625,0.205177903175354,0.106106728315353,0.011504977941513,0.990662158535553,0.990728914737701,0.792864084243774,6.99543285369873,0.0867164880037307,3.11304974555969,3.72172066780281,4.65056806615626,0.202589173802401,0.123942784566333,0.43115234375,0.676158054991792,6.54864072799683,0.04638671875,1.66730514128361,0.282154560089111,0.352586269378662,0.263604998588562,0.101524136960506,0.0103217009454965,0.995210708187653,0.995264232158661,0.791404366493225,6.37537288665771,0.112829074263573,3.03477931022644,3.3776869358687,4.24813497193663,0.222723615895513,0.126805155891348,0.4443359375,0.723190233315546,6.6008996963501,0.21923828125,1.10081999022415,0.241023480892181,0.378391772508621,0.227357909083366,0.153155609965324,0.0219616740942001,0.970053673790527,0.970302283763886,0.774563312530518,6.35260200500488,0.0436774864792823,2.84070062637329,3.67428334004378,4.60302600701866,0.184390991538371,0.108383460000612,0.423828125,0.566183395925237,6.34283828735352,0.173828125,1.19179161353508,0.267696291208267,0.537392377853394,0.116960793733597,0.0776973143219947
0.0397064834833145,1.04286694626672,1.0436224937439,0.820297002792358,8.37888526916504,0.0684149637818336,3.34290075302124,4.37843906855997,5.57384571941136,0.203093230726782,0.122173452530518,0.4345703125,0.710585275413149,6.61351537704468,0.04931640625,1.08976524891569,0.286291271448135,0.398869037628174,0.208896279335022,0.105392269790172,0.0276388265192508,1.02326548199518,1.02363872528076,0.811745285987854,7.67067909240723,0.195561304688454,3.23188495635986,4.1795874234694,5.27398037372336,0.203274780389529,0.124272280319125,0.4345703125,0.667431536495857,6.53841400146484,0.04638671875,1.74325945406492,0.280392825603485,0.346759051084518,0.269919276237488,0.102786004543304,0.0111502949148416,1.00383162598474,1.00389349460602,0.797289133071899,7.05047798156738,0.0847372412681579,3.07374882698059,3.57095872012218,4.49684542277831,0.222613613895078,0.127036514055943,0.4462890625,0.738962927455316,6.61323547363281,0.22021484375,1.32550027084634,0.243913874030113,0.377762645483017,0.224136725068092,0.153930321335793,-0.0043500438332557,0.973301650093628,0.973311364650726,0.776268005371094,5.90179395675659,0.0363192558288574,2.7949857711792,3.11843524157306,3.91019347433045,0.183320569456182,0.109372118208483,0.423828125,0.574970651666913,6.34255027770996,0.173828125,1.10886904381452,0.276448756456375,0.529813885688782,0.11449134349823,0.0785745456814765
0.0369285196065902,1.06711638073785,1.06775522232056,0.815427184104919,11.5252799987793,0.0515022538602352,4.84795379638672,5.61926541678804,7.36258027778485,0.206981116234724,0.120780957403817,0.435546875,0.70494147367709,6.60999774932861,0.04931640625,1.23002283107089,0.268615484237671,0.401789665222168,0.223174095153809,0.105987161397934,0.0299832224845886,1.02636170487268,1.02679967880249,0.81510204076767,7.82409286499023,0.118303537368774,3.19688272476196,4.25005537456062,5.35696508596693,0.205080618658647,0.124761819088262,0.4384765625,0.679427814602162,6.5508017539978,0.04638671875,1.4238685252223,0.274958997964859,0.352719873189926,0.265026181936264,0.107061803340912,0.0102797523140907,0.981378973530365,0.981432855129242,0.784103989601135,6.97342300415039,0.0400864407420158,2.96788239479065,3.62027293806274,4.53147236295948,0.222148041098279,0.12701401059061,0.447265625,0.737186706497715,6.61299800872803,0.2197265625,1.28563184326971,0.247171327471733,0.369699656963348,0.233644261956215,0.149345457553863,0.0173523779958486,0.974145771072937,0.97430032491684,0.776431977748871,5.82382869720459,0.0276281405240297,2.81172919273376,3.16365491589023,3.97015057909954,0.18387013132937,0.110702043595709,0.42529296875,0.587070947376763,6.36312294006348,0.173828125,1.25404633055303,0.280491828918457,0.518001794815063,0.120606698095798,0.0803137719631195
