"B1__mean","B1__std","B1__rms","B1__mad","B1__p2p","B1__skew","B1__kurt","B1__crest","B1__imp","B1__spec_centroid","B1__spec_bandwidth","B1__rolloff_95","B1__spec_flatness","B1__spec_entropy","B1__dom_freq","B1__peak_ratio","B1__band_q1","B1__band_q2","B1__band_q3","B1__band_q4","B2__mean","B2__std","B2__rms","B2__mad","B2__p2p","B2__skew","B2__kurt","B2__crest","B2__imp","B2__spec_centroid","B2__spec_bandwidth","B2__rolloff_95","B2__spec_flatness","B2__spec_entropy","B2__dom_freq","B2__peak_ratio","B2__band_q1","B2__band_q2","B2__band_q3","B2__band_q4","B3__mean","B3__std","B3__rms","B3__mad","B3__p2p","B3__skew","B3__kurt","B3__crest","B3__imp","B3__spec_centroid","B3__spec_bandwidth","B3__rolloff_95","B3__spec_flatness","B3__spec_entropy","B3__dom_freq","B3__peak_ratio","B3__band_q1","B3__band_q2","B3__band_q3","B3__band_q4","B4__mean","B4__std","B4__rms","B4__mad","B4__p2p","B4__skew","B4__kurt","B4__crest","B4__imp","B4__spec_centroid","B4__spec_bandwidth","B4__rolloff_95","B4__spec_flatness","B4__spec_entropy","B4__dom_freq","B4__peak_ratio","B4__band_q1","B4__band_q2","B4__band_q3","B4__band_q4"
0.0526272170245647,1.06028568844659,1.06159102916718,0.829012453556061,7.71065616607666,0.213620632886887,3.36154317855835,3.69663067738089,4.74490253466779,0.194242449854894,0.128053151258485,0.43701171875,0.72284066902175,6.62877035140991,0.04931640625,2.80515472649027,0.335495173931122,0.367371916770935,0.178024411201477,0.119029402732849,0.0203703586012125,1.04755020241602,1.04774820804596,0.831357955932617,8.50607776641846,0.0467854812741279,3.301100730896,4.31552724430986,5.4390560233811,0.227575152827224,0.140725560519636,0.453125,0.790353639158443,6.69326639175415,0.04931640625,2.38027008335863,0.273077011108398,0.277361363172531,0.262479722499847,0.186888962984085,-0.035187117755413,0.978814483688904,0.979446768760681,0.780860066413879,6.9748477935791,0.0418134108185768,3.00787353515625,3.8658004060969,4.85005556227993,0.215660569634261,0.142922042432638,0.45068359375,0.789641993892782,6.71408367156982,0.04931640625,1.6871171109494,0.327775657176971,0.244068920612335,0.250175833702087,0.177914559841156,-0.0084599601104855,1.01539063553674,1.01542580127716,0.809998750686646,6.4708948135376,-0.0423337705433368,2.94790267944336,3.38349395634792,4.24259047494541,0.192951532859803,0.133623418024609,0.45166015625,0.716894078620217,6.59554767608643,0.04931640625,1.7005497108559,0.334244132041931,0.374993503093719,0.160842716693878,0.12924961745739
0.0233762115240097,1.04138684372766,1.04164910316467,0.815446972846985,7.53420543670654,0.0070179402828216,3.36031007766724,3.8989094245852,4.98463959995061,0.1986763194203,0.127233958702697,0.4404296875,0.726623707625041,6.62095165252686,0.04931640625,2.57598151233354,0.306805312633514,0.390453994274139,0.179034292697906,0.123390272259712,0.0139028988778591,1.02747416596277,1.02756822109222,0.812425911426544,8.99722480773926,0.129707187414169,3.41192960739136,4.5127160270738,5.70898969457129,0.228910980947316,0.139003194587585,0.45361328125,0.773930082649309,6.68381261825562,0.04931640625,4.6783120419927,0.262958735227585,0.288455843925476,0.263905227184296,0.184409558773041,-0.0170509032905101,0.977370739983154,0.977519512176514,0.77838659286499,7.41939830780029,0.0176660791039466,3.16020774841309,3.90478593088271,4.90583712433629,0.219437281088842,0.142073236735015,0.44970703125,0.798774088037774,6.72021818161011,0.04931640625,1.71627124275556,0.316965341567993,0.237248808145523,0.267561435699463,0.178049802780151,-0.0391504317522048,1.02408051590784,1.02482867240906,0.815701723098755,7.56694269180298,-0.0089253820478916,3.11624574661255,3.72265934069291,4.6781592348288,0.193678887187285,0.132777318020299,0.4501953125,0.71657553897786,6.60229206085205,0.04931640625,1.80840873270107,0.32393154501915,0.383124589920044,0.166796028614044,0.125471383333206
0.0447903983294963,1.03297686676843,1.03394746780396,0.811612129211426,7.22668647766113,0.0051548182964324,3.26709651947021,3.76762668860293,4.80042395023888,0.19706318666504,0.126485983221003,0.4365234375,0.716503466326058,6.61016273498535,0.04931640625,2.86244628397223,0.309908270835876,0.393159925937653,0.176366358995438,0.120479576289654,0.0275890715420246,0.979858816670013,0.98024708032608,0.781574666500092,8.25974655151367,0.139602333307266,3.25520849227905,4.37665480082698,5.49107160196513,0.228412823243691,0.136732110716731,0.451171875,0.770255855050823,6.67165946960449,0.04931640625,4.84217644344384,0.250821948051453,0.305609822273254,0.263909071683884,0.17958353459835,-0.0137200644239783,0.989161611603332,0.989256739616394,0.788430571556091,7.41939830780029,0.087473027408123,3.21376729011536,3.8584568449204,4.84151563480854,0.222440741820165,0.141641674663559,0.45361328125,0.797307874855907,6.71765851974487,0.04931640625,1.65586074894871,0.307016491889954,0.241899415850639,0.268363654613495,0.18212565779686,-0.0281683579087257,1.00680506329401,1.00719904899597,0.800706624984741,7.12182807922363,0.0074803233146667,3.1080002784729,3.56500640313734,4.48622729975081,0.193700564179357,0.130779633535539,0.44775390625,0.719725316715074,6.59873485565186,0.04931640625,2.23638005869314,0.319019079208374,0.389829516410828,0.170331865549087,0.120513945817947
0.03140839189291,1.01865756611688,1.01914167404175,0.803277969360352,7.1165657043457,-0.0140530169010162,3.24761486053467,3.82236167304182,4.85157722638394,0.193723612575254,0.126047175000047,0.43505859375,0.716814786770677,6.6140308380127,0.04931640625,3.0394413933378,0.321812391281128,0.391008108854294,0.171034306287766,0.115941613912582,0.0555560663342475,0.986593009041382,0.988155961036682,0.788660287857056,8.25974655151367,0.202044755220413,3.27412796020508,4.36400481001027,5.47263349100718,0.225379545098216,0.138264973516119,0.45068359375,0.777480509517571,6.67875289916992,0.04931640625,3.89562710857626,0.265920430421829,0.297073543071747,0.259546339511871,0.177291721105576,0.0002619670704007,1.00369346241815,1.00369358062744,0.800219058990479,7.41939830780029,0.0049288347363471,3.15671491622925,3.80295790676062,4.76996292379529,0.220471457743541,0.140956988470195,0.4521484375,0.785553707655112,6.71372604370117,0.04931640625,1.43387265744511,0.312341153621674,0.243474587798119,0.265927195549011,0.177099287509918,-0.042536474764347,1.06491947274072,1.06576859951019,0.844128847122192,7.56694269180298,-0.0168781392276287,3.09542655944824,3.57965887890658,4.52097134004308,0.191973655655282,0.131644486075835,0.44921875,0.720934953443996,6.59932661056519,0.04931640625,2.34535195586937,0.325701177120209,0.385407745838165,0.169002085924149,0.119367226958275
0.0069027114659547,1.02578067879541,1.02580392360687,0.811476707458496,7.36433792114258,-0.0449813455343246,3.17696237564087,3.83779324063441,4.85167346392145,0.195680493521005,0.125012915323019,0.435546875,0.715962145821261,6.61360931396484,0.04931640625,2.59927986306025,0.309084534645081,0.397092580795288,0.178460597991943,0.115172848105431,0.0400122478604316,0.976100266979767,0.976920068264008,0.786813378334045,7.52997016906738,0.28754386305809,3.16876721382141,4.41419672606094,5.48944595302311,0.223275138907824,0.136151786148859,0.45068359375,0.76152924464366,6.66940355300903,0.04931640625,3.82737242740326,0.264397740364075,0.300296664237976,0.273832708597183,0.161356925964355,0.0319910049438476,1.01297974686487,1.01348471641541,0.809572041034698,6.92885971069336,0.0221495777368545,3.15032625198364,3.50908697487588,4.39379325186604,0.221433076704008,0.140700044404598,0.4521484375,0.791722793399593,6.71607685089111,0.04931640625,1.37062387609072,0.306018561124802,0.246574729681015,0.269073367118835,0.178242534399033,0.0013079419732093,1.01389670472009,1.01389753818512,0.805285811424255,6.91834735870361,0.091161772608757,3.10269546508789,3.47828319521436,4.37939160682863,0.193039678818892,0.129306733436436,0.447265625,0.70925962785489,6.58050155639648,0.04931640625,2.01719550249026,0.312685996294022,0.400929301977158,0.170410275459289,0.115601256489754
0.0194928720593452,1.00393653015955,1.00412571430206,0.798834145069122,6.75895929336548,0.137502789497375,3.05836987495422,3.48454444077239,4.3821226347207,0.193943183126867,0.124305528044855,0.43359375,0.722146134469084,6.63061904907227,0.04931640625,2.90802494908443,0.323598861694336,0.37978458404541,0.188241124153137,0.108340531587601,0.041329525411129,0.980246366070343,0.981117248535156,0.786621272563934,7.89954423904419,0.253670185804367,3.21407842636108,4.3811782112005,5.47360002782077,0.222093049038304,0.136513472316465,0.4501953125,0.756785336787668,6.6696572303772,0.04931640625,2.81676571565208,0.268336117267609,0.298443198204041,0.273872911930084,0.158948957920074,0.0213098730891942,1.00984466175897,1.01006948947906,0.803725898265839,6.95951843261719,0.0610852129757404,3.15445518493652,3.44506912554916,4.33166553101646,0.217596156543394,0.140711655821427,0.45068359375,0.789417960111727,6.71335029602051,0.04931640625,1.214746338929,0.315419316291809,0.247646480798721,0.265981614589691,0.170605152845383,0.0095414742827415,1.00027501683099,1.0003205537796,0.793552219867706,6.87980508804321,0.0720582008361816,3.11869740486145,3.5254926586946,4.44414906607284,0.191161017562933,0.127589788934406,0.44482421875,0.695172288241683,6.57761812210083,0.04931640625,2.03685799061364,0.317439794540405,0.403354823589325,0.169846877455711,0.109340794384479
0.0411071591079235,0.981956900166107,0.982816934585571,0.782512426376343,6.64855194091797,0.147104829549789,3.05848622322083,3.55746824235284,4.47084753271373,0.192095296201657,0.123525106775436,0.4306640625,0.712106915240586,6.605384349823,0.04931640625,2.6634465906662,0.326850950717926,0.381380021572113,0.189313888549805,0.10220468044281,0.0397196821868419,0.986356318996979,0.987155795097351,0.789591372013092,8.03574371337891,0.175854712724686,3.26355504989624,4.40589247316864,5.50969257839356,0.223805947034675,0.136237278861253,0.4501953125,0.769646665703965,6.67549419403076,0.04931640625,3.51678956079609,0.26825088262558,0.292383193969727,0.276995837688446,0.162142693996429,-0.0119835380464792,1.01417207817896,1.01424288749695,0.806254029273987,6.95951843261719,-0.0270265378057956,3.02555656433105,3.47623542719705,4.37407714823774,0.217973170856997,0.141929880133326,0.45068359375,0.790396907190169,6.70651626586914,0.04931640625,1.17107810133858,0.317627072334289,0.24321149289608,0.260208815336227,0.178168386220932,-0.0194217301905155,0.990017713116241,0.990208268165588,0.786055326461792,6.87980508804321,0.0385547317564487,3.17840242385864,3.56149598224276,4.4884311186323,0.190402267641288,0.129366897350754,0.44482421875,0.703773735853521,6.58478546142578,0.04931640625,2.21476454088369,0.325645864009857,0.394830942153931,0.163665592670441,0.11576247215271
0.0076200426556169,1.01264703373773,1.01267576217651,0.795750677585602,8.08066368103027,0.133023723959923,3.46297216415405,4.04852770779293,5.15333076483318,0.194351009304532,0.12278515928296,0.4306640625,0.706440178359102,6.59747886657715,0.04931640625,2.69082868460821,0.310592889785767,0.399133175611496,0.184854343533516,0.105333030223846,0.0312985777854919,0.993933380650116,0.994426012039185,0.7862468957901,8.42541790008545,0.199921548366547,3.58096432685852,4.82837259834409,6.11060948406887,0.226334333515418,0.133908942092921,0.44873046875,0.759460079381138,6.66441345214844,0.04931640625,4.02728042437402,0.243992134928703,0.311276018619537,0.280660629272461,0.163670495152473,-0.0120853949338197,1.00246453385217,1.00253736972809,0.797266840934753,7.22878074645996,-0.0137688256800174,3.07418417930603,3.93432139588417,4.94801485798448,0.216623542165095,0.140926217256369,0.44970703125,0.789457146003988,6.70674419403076,0.04931640625,1.0709904438205,0.31413471698761,0.256478786468506,0.25730288028717,0.17073991894722,0.0362987332046031,0.986239911125732,0.986907660961151,0.784881293773651,7.03657865524292,0.0431294254958629,3.24087905883789,3.97133176744501,4.99512121982846,0.191688891670465,0.127849737800611,0.443359375,0.699011827508265,6.57730770111084,0.04931640625,2.35324562061012,0.314276993274689,0.406179338693619,0.167844757437706,0.11117134988308
0.0013845711946487,1.02998030285699,1.02998125553131,0.810933589935303,8.41048717498779,0.0888575762510299,3.50157976150513,4.14297504409333,5.26225080571167,0.193257958123189,0.123815300967883,0.431640625,0.702121213535819,6.59669971466064,0.04931640625,3.40136128888945,0.326892346143722,0.380927383899689,0.185905367136002,0.106180191040039,0.0155925024300813,0.992079139755798,0.992201685905456,0.785763800144196,8.35461616516113,0.144693464040756,3.49614524841309,4.78139405426245,6.03757419276729,0.22196169811003,0.13434691449632,0.44775390625,0.758799700726419,6.65997743606567,0.04931640625,4.49500654200264,0.257548570632935,0.318035662174225,0.264531701803207,0.159858673810959,0.0004009306430816,1.00292503933771,1.002925157547,0.792429685592651,7.84462022781372,-0.0282769128680229,3.16992664337158,3.93280016381616,4.9775205934765,0.214823480584693,0.141522523638673,0.44970703125,0.786546615885941,6.69853162765503,0.01171875,1.00395662819203,0.319256633520126,0.260080397129059,0.245314821600914,0.174937874078751,0.0296763032674789,0.96003121237619,0.960489809513092,0.764205276966095,7.03657865524292,-0.0161351840943098,3.26425743103027,4.08056150787013,5.12942336680682,0.190246741801737,0.128659161809995,0.44287109375,0.699463635895384,6.57691860198975,0.04931640625,2.78794692201198,0.326459020376205,0.391416609287262,0.170466065406799,0.111226752400398
-0.0009811725467443,1.04463410477502,1.04463458061218,0.823289036750793,8.5857048034668,0.0498949363827705,3.48141670227051,4.16996175581047,5.29115199955101,0.193791796071071,0.12418998420709,0.43212890625,0.714595151948682,6.60955429077148,0.04931640625,3.11370591449632,0.320828467607498,0.383597284555435,0.189777463674545,0.105346247553825,0.0003401357680559,0.968613983200622,0.968614041805267,0.769104719161987,7.82851505279541,0.10610469430685,3.37499070167542,4.76026830932553,5.99515597036819,0.2218898883356,0.134352654644514,0.4462890625,0.743659701706239,6.64445781707764,0.04931640625,3.90598818616422,0.256498157978058,0.320932865142822,0.260142087936401,0.162399351596832,0.0235693659633398,1.00788724522455,1.00816285610199,0.795920491218567,7.84462022781372,-0.0256187617778778,3.17735958099365,3.91236812588698,4.95593794758789,0.213661034125529,0.142265881034708,0.44970703125,0.791287613000388,6.70493602752686,0.01171875,1.1158709384547,0.323694229125977,0.259573698043823,0.239585667848587,0.176835790276527,0.0049401158466935,1.03283739189966,1.03284919261932,0.814281105995178,7.75664377212524,0.0070828823372721,3.33855891227722,4.12951088839344,5.23878576422275,0.19116506132911,0.130146855755722,0.4462890625,0.71316133574993,6.58602619171143,0.04931640625,2.51120167184423,0.325281143188477,0.390399932861328,0.167014345526695,0.116525992751121
-0.0153418146073818,1.02538681130273,1.02550148963928,0.804982423782349,8.5857048034668,0.0015059979632496,3.56654191017151,4.24776199145684,5.41281619947359,0.193367481903098,0.123685159589807,0.431640625,0.715320020892479,6.61297225952148,0.04931640625,2.76307354730911,0.321394801139831,0.386367917060852,0.187261179089546,0.104334771633148,0.0450345650315284,1.00189674000604,1.00290834903717,0.794544637203217,8.23343849182129,0.191896691918373,3.41601324081421,4.87007911669455,6.15107361648354,0.222417514819531,0.134311120606198,0.44775390625,0.752777116060282,6.64885854721069,0.04931640625,2.56617075144126,0.254774004220963,0.318832457065582,0.265737980604172,0.160274818539619,0.0113551057875156,1.01366567711694,1.01372921466827,0.797317028045654,7.84462022781372,-0.0389676131308078,3.28602147102356,3.89088542271991,4.94765970804183,0.213130640652605,0.141497996558507,0.44921875,0.772373135937428,6.69343900680542,0.01171875,1.19991039409922,0.320847630500793,0.265770971775055,0.242185667157173,0.170820191502571,-0.0007361746393144,1.03464233975275,1.03464257717133,0.81503701210022,7.75664377212524,0.0398175045847892,3.29600858688354,4.12235305322329,5.23318217057256,0.192127366438285,0.130724998077599,0.45068359375,0.711605926782658,6.58510112762451,0.04931640625,1.9847724596982,0.321781009435654,0.391749739646912,0.167114704847336,0.118766404688358
-0.006284934002906,0.982288659618927,0.982308804988861,0.785160541534424,7.16646385192871,-0.0159481912851333,3.016446352005,3.97677945291525,4.97582645742071,0.192590402388874,0.1253481092617,0.43505859375,0.715658700865084,6.61631774902344,0.04931640625,3.23232303426236,0.332772672176361,0.371819019317627,0.188711255788803,0.106212750077248,0.0124922487884759,0.999202192829681,0.999280214309692,0.793814480304718,7.07052421569824,0.120826512575149,3.12672138214111,3.68909629970923,4.64588549630134,0.217348275489505,0.136357476081262,0.44775390625,0.756490946047327,6.65592956542969,0.04931640625,2.89222919601117,0.280477613210678,0.303803741931915,0.256794571876526,0.158889248967171,-0.0108396168798208,1.02054178814752,1.02059936523438,0.806154310703278,7.66866588592529,-0.0393053367733955,3.24465084075928,3.79285953527541,4.80230204418186,0.211783205158674,0.142955965965697,0.44921875,0.770494533630083,6.68597507476807,0.04931640625,1.06474503216794,0.331876516342163,0.24631404876709,0.249146312475204,0.172033756971359,-0.0016467073000967,1.02203035454614,1.02203166484833,0.806771159172058,7.45907497406006,0.0121394284069538,3.18870186805725,4.01793682246812,5.09036759594551,0.189762792173285,0.132639494469597,0.45166015625,0.707503155281185,6.58605575561523,0.04931640625,1.82462139319826,0.33675742149353,0.380601227283478,0.161507666110992,0.120486788451672
-0.0160925276577472,0.973104179905487,0.973237216472626,0.771856069564819,7.61777830123901,-0.101783350110054,3.31244230270386,4.04951870918745,5.10688991803644,0.194466506578356,0.125548805638445,0.43701171875,0.722260150063118,6.60698413848877,0.04931640625,2.89619614123858,0.315239369869232,0.3897345662117,0.184893682599068,0.109865128993988,0.0283060055226087,1.0178564796911,1.01824998855591,0.807219088077545,6.91057157516479,0.157786279916763,3.21958589553833,3.68388423488267,4.64944522718357,0.221523803828278,0.137323696290461,0.451171875,0.761952432821829,6.65899848937988,0.04931640625,3.84968632296463,0.269069850444794,0.29934561252594,0.266520410776138,0.164526998996735,-0.0115842139348387,1.0070948610769,1.00716149806976,0.799531996250153,7.37540912628174,-0.0604708641767501,3.14854717254639,3.77067241940185,4.75101675849649,0.212598609146658,0.142723016320417,0.44873046875,0.778134055732664,6.69048023223877,0.04931640625,1.1993752156562,0.331471562385559,0.242060497403145,0.255432844161987,0.170060411095619,-9.68687236309052e-05,1.0382399569021,1.03823983669281,0.816633582115173,7.53842544555664,-1.14962458610535e-05,3.22404336929321,3.9552115397813,5.02853894166454,0.190617281820799,0.131884891661052,0.4521484375,0.689406379373009,6.56813764572144,0.04931640625,1.93411354164842,0.324801355600357,0.398417711257935,0.154304325580597,0.121763333678246
-0.0026993204373866,0.992177845047546,0.992181539535522,0.785498917102814,7.61777830123901,-0.03846325725317,3.38495898246765,3.97219879590355,5.01762703522596,0.195974153613097,0.126742430189067,0.43603515625,0.728282154232761,6.61057138442993,0.04931640625,2.80144115663137,0.316711604595184,0.387695163488388,0.174530982971191,0.120966263115406,0.0168758910149335,1.00998330216272,1.01012432575226,0.804573893547058,6.79142379760742,0.140188321471214,3.14633631706238,3.64949229222529,4.58298154927233,0.220532025807437,0.136218697796468,0.44873046875,0.75427753068405,6.65016174316406,0.04931640625,3.78074242393959,0.273398578166962,0.29584789276123,0.275197148323059,0.155040323734283,-0.0205480195581913,1.01442933182581,1.01463747024536,0.805815160274506,7.55136299133301,-0.135281220078468,3.15264749526978,3.91630514749257,4.93340458677952,0.215030160425366,0.142444794824927,0.44970703125,0.77403850342893,6.68819236755371,0.04931640625,1.29853221009362,0.322906255722046,0.246588364243507,0.255175948143005,0.174176335334778,-0.0135354623198509,1.02125775914056,1.0213475227356,0.811153411865234,7.59989547729492,-0.0045611541718244,3.14626884460449,3.87864608072188,4.88371929176636,0.19298202559939,0.131642800409294,0.45166015625,0.702025240211515,6.576744556427,0.04931640625,1.88246711476993,0.317807137966156,0.398874938488007,0.161548614501953,0.120625533163548
0.009873897768557,1.00490832428796,1.00495684146881,0.794312596321106,7.62693357467651,0.0253297984600067,3.38122701644897,3.8462852929792,4.86705247463247,0.197047175655196,0.125264809001514,0.43505859375,0.70490352814187,6.59641933441162,0.04931640625,2.80809536275392,0.307050943374634,0.402836501598358,0.171744406223297,0.117973744869232,0.0101471114903688,1.01790535549982,1.01795601844788,0.807224810123444,6.79142379760742,0.105092644691467,3.1490740776062,3.62141475097431,4.56753709671927,0.221836412685663,0.136131617370359,0.4462890625,0.76277906079427,6.65731477737427,0.04931640625,3.93033002686758,0.27235996723175,0.292734146118164,0.274602591991425,0.15978030860424,-0.0100520625710487,1.00635874371393,1.00640904903412,0.799675107002258,7.55136299133301,-0.0971933901309967,3.13952493667603,3.94832493938954,4.9693602849514,0.215984052835566,0.140611303713032,0.447265625,0.778236437082409,6.69685649871826,0.04931640625,1.44238868209079,0.316957503557205,0.248217269778252,0.265683263540268,0.168222531676292,0.0147847440093755,0.978392721222473,0.978504359722138,0.777105987071991,7.2917914390564,0.0532343015074729,3.19483351707458,3.85639784849818,4.85647145759434,0.194559999920785,0.130430576118926,0.45166015625,0.692487820613243,6.57216787338257,0.04931640625,2.00377730144232,0.309765934944153,0.402548015117645,0.168915539979935,0.11780858784914
0.004449320025742,0.998317063854767,0.998327016830444,0.784342527389526,7.77648162841797,0.0217513479292392,3.48376083374023,3.9477468306906,5.02502205487231,0.200076646947643,0.124685704060136,0.43603515625,0.706723959227769,6.59317636489868,0.04931640625,2.4678183024552,0.29347088932991,0.409968107938766,0.174420416355133,0.122080832719803,0.0364333689212799,1.00334847073419,1.00400984287262,0.801064491271973,6.76899719238281,0.118324413895607,3.09432983398438,3.63490161702827,4.55662508992454,0.222110629430825,0.135642643577525,0.44775390625,0.761614980074652,6.65498352050781,0.04931640625,2.8165389376867,0.268444836139679,0.297546625137329,0.276587426662445,0.156382530927658,0.0186469741165637,1.01586282353265,1.01603400707245,0.804321527481079,7.88511800765991,-0.0681520476937294,3.14472699165344,4.25177942236508,5.37129194853334,0.219675423763582,0.13978222888709,0.4482421875,0.789823130126945,6.71315908432007,0.04931640625,1.97907715581559,0.302181541919708,0.258884370326996,0.264139533042908,0.174172431230545,0.0065771350637078,1.03329455952509,1.03331542015076,0.815670609474182,7.1615047454834,0.116249829530716,3.27238583564758,3.70528391287178,4.69507140201356,0.196723909573652,0.128387905989427,0.4521484375,0.708158312391642,6.58549499511719,0.04931640625,2.03523029659641,0.297373622655868,0.416314870119095,0.169287323951721,0.116269141435623
-0.0073314197361469,1.07853448490961,1.07855939865112,0.848397195339203,7.97658538818359,0.0677285194396972,3.35484409332275,3.91531334092974,4.97800509947443,0.19898914672323,0.124591836537815,0.43310546875,0.710131360897499,6.60470104217529,0.04931640625,2.28071100800827,0.299430966377258,0.402881503105164,0.178027078509331,0.119536191225052,0.0227305218577384,1.01363957028253,1.0138943195343,0.806161165237427,7.125075340271,0.0538636371493339,3.09690976142883,3.67700509045625,4.6259105774213,0.221639513445524,0.135730810004156,0.447265625,0.762685211223671,6.66935539245605,0.04931640625,2.29310772466243,0.27067768573761,0.291913509368896,0.282997846603393,0.153638496994972,0.0116504346951842,1.0426971922384,1.0427622795105,0.821559429168701,8.02643966674805,-0.0458687022328376,3.24077033996582,4.34993695940725,5.52298234598548,0.219098687376454,0.138274360323465,0.44775390625,0.792663782572558,6.72545433044434,0.04931640625,1.53221133162317,0.299881517887115,0.267431855201721,0.26429757475853,0.16800345480442,0.0187627598643302,0.994476975010468,0.994653940200806,0.79252552986145,7.1615047454834,0.102448850870132,3.22722816467285,3.8493056210987,4.83260957610884,0.196591041598545,0.130044614372857,0.45166015625,0.712943430109775,6.59982395172119,0.04931640625,1.8105231745766,0.306643426418304,0.404575556516647,0.165757223963737,0.122342631220817
-0.0396352037787437,1.02551531891687,1.02628099918365,0.815589308738708,7.48822402954102,-0.0531869530677795,3.11510229110718,3.83600920933741,4.82847602038336,0.19765693009951,0.123262587739132,0.43408203125,0.704351868334998,6.58358669281006,0.04931640625,2.97910660958362,0.29555332660675,0.415107131004333,0.177423447370529,0.111776225268841,0.0086874794214963,1.02787244419916,1.02790915966034,0.810262441635132,7.41332149505615,0.0695589706301689,3.22452163696289,3.90750675131214,4.95711238071609,0.220858229700649,0.134769182753464,0.4462890625,0.757231853117206,6.65078210830688,0.04931640625,3.71798579315204,0.267557889223099,0.301418721675873,0.27565810084343,0.15501557290554,-0.0019599865190684,1.0199226150976,1.01992452144623,0.806574106216431,6.90941715240479,0.0450606644153595,3.12686634063721,3.58077511758614,4.52799501303217,0.21697033203017,0.139411357167223,0.44921875,0.794869910788469,6.7156400680542,0.04931640625,2.17692451947145,0.312603563070297,0.264141112565994,0.25618439912796,0.166965305805206,0.0175713188946247,0.993721426533295,0.993876695632935,0.790400624275208,7.28053283691406,0.0619472488760948,3.17379379272461,3.71259464087243,4.67006662567035,0.192638409028854,0.132162387855984,0.45263671875,0.706918101950419,6.59406137466431,0.04931640625,2.44080550348398,0.330733418464661,0.385896623134613,0.157514199614525,0.124904088675976
-0.035213153809309,1.01764726738794,1.01825630664825,0.809363782405853,6.71792793273926,-0.10446286201477,3.05411529541016,3.35173283187697,4.21934475511925,0.196739092421353,0.125053029036636,0.43701171875,0.701765384648945,6.58271455764771,0.04931640625,3.04938611392387,0.30394572019577,0.399331748485565,0.18223437666893,0.114118635654449,0.0309864617884159,1.00647246937616,1.00694930553436,0.795606732368469,7.0937819480896,0.0693332999944686,3.22201466560364,3.83423273214291,4.85366962890836,0.222682964543178,0.13569016933408,0.44970703125,0.767780174943239,6.66788864135742,0.04931640625,4.42793450877237,0.262568414211273,0.295479953289032,0.281232893466949,0.160472318530083,0.0027230847626924,1.02847004036768,1.02847361564636,0.811309099197388,6.90941715240479,0.0406802855432033,3.17642688751221,3.55101024730239,4.50158875078028,0.217082282069459,0.141358952157016,0.453125,0.798775591613254,6.71712017059326,0.04931640625,2.12548971328297,0.31674513220787,0.259581923484802,0.247000426054001,0.176260530948639,-0.0194214507937431,1.00030756096704,1.00049602985382,0.80001038312912,7.22101831436157,-0.0575930774211883,3.11975479125977,3.9259691249773,4.9120445905472,0.1915713851078,0.132017669220044,0.453125,0.717682104766735,6.60017204284668,0.04931640625,2.65041077888976,0.333905160427094,0.38330614566803,0.157823503017426,0.124113351106644
-0.0340488068759441,1.00459826092584,1.00517511367798,0.797327041625977,7.47128200531006,-0.12408621609211,3.14910268783569,3.80673764626587,4.80368940247106,0.19435526768047,0.123248745560943,0.4345703125,0.694459317886527,6.57506322860718,0.04931640625,3.46522208530658,0.310612082481384,0.40277886390686,0.177749335765839,0.108851470053196,0.0077032344415783,1.01546931366785,1.01549863815308,0.801974177360535,6.973548412323,0.0250289961695671,3.1662802696228,3.70374050831364,4.69011991910667,0.222566765998168,0.136277568996699,0.45068359375,0.7598581495242,6.66377925872803,0.04931640625,5.28047251146317,0.264955222606659,0.297223627567291,0.275212705135345,0.162173464894295,0.0039991354569792,1.04450631241663,1.04451394081116,0.825105428695679,6.93761920928955,0.0415363349020481,3.12710642814636,3.41322923228048,4.32092175328736,0.215069935432522,0.140830906507548,0.45263671875,0.791791524935086,6.71386337280273,0.04931640625,2.60503259462093,0.3174749314785,0.26549556851387,0.246659785509109,0.170347094535828,-0.0191502273082733,1.00016832451685,1.00035154819489,0.80199271440506,7.22101831436157,-0.0935871303081512,3.13036060333252,3.92653615617004,4.90123920730435,0.192352965632467,0.132050975601666,0.45166015625,0.722924793557379,6.60940074920654,0.04931640625,2.78208317284189,0.335024207830429,0.375986337661743,0.165066227316856,0.123385824263096
-0.0487836524844169,1.04931449990137,1.05044782161713,0.827081918716431,8.0938892364502,-0.11711773276329,3.23588013648987,3.94622933998086,5.01544099646552,0.194972428032871,0.123291383348392,0.43701171875,0.70202981013966,6.58344745635986,0.04931640625,2.90346173947703,0.306433439254761,0.40984308719635,0.172142773866653,0.111254841089249,0.026289515197277,1.02544927697046,1.02578616142273,0.806829214096069,7.19456768035889,0.107689961791038,3.2385425567627,3.79524824852057,4.82569154452743,0.222375740622525,0.137060117058771,0.4521484375,0.774529945840261,6.67352867126465,0.04931640625,4.10989188150397,0.271627843379974,0.293907314538956,0.267404109239578,0.166224807500839,-0.016886219382286,1.00528073410852,1.00542259216309,0.797097265720367,6.62227249145508,0.0268642045557498,3.04655432701111,3.35426487579254,4.2318819163203,0.215851560259974,0.142061766573993,0.45166015625,0.780624380638453,6.7026948928833,0.04931640625,2.44038223228439,0.319665908813477,0.260206878185272,0.243961751461029,0.175775855779648,-0.0299803428351879,1.03894460301263,1.03937709331512,0.823507785797119,7.67233180999756,-0.0859535187482833,3.2369647026062,4.01530050272439,5.07127222570728,0.19505262311573,0.133421744198702,0.4521484375,0.731903132699674,6.61976099014282,0.04931640625,2.59779024549171,0.328264385461807,0.375867694616318,0.164834648370743,0.130710706114769
-0.0248079784214496,1.04966056446893,1.04995369911194,0.824334800243378,8.44579696655273,-0.11434979736805,3.35257053375244,4.09181154628935,5.21418449465895,0.194622927378033,0.124507545997354,0.439453125,0.703471382501272,6.58470058441162,0.04931640625,2.2331660610826,0.312612384557724,0.400757938623428,0.173980265855789,0.112355008721352,0.0460894703865051,1.02791440586908,1.02894723415375,0.814258754253387,7.0821533203125,0.140927836298943,3.18844270706177,3.53249974892555,4.46688996386742,0.222791002787282,0.13843848717014,0.455078125,0.773784280275514,6.67581081390381,0.04931640625,2.38712881998009,0.276635557413101,0.286704689264297,0.268688827753067,0.167198151350021,-0.0128756770864129,1.0183801661001,1.01846146583557,0.805399417877197,7.17850875854492,-0.0151714757084846,3.09985208511353,3.65822216692093,4.62662579112064,0.216116602587241,0.143557338723391,0.45263671875,0.79709841088909,6.72322654724121,0.04931640625,1.76353546497231,0.325681209564209,0.254346907138824,0.235316753387451,0.184346348047256,-0.0399671494960784,1.04635667900903,1.04711961746216,0.824600100517273,7.91982698440552,-0.0605959817767143,3.32853746414185,4.11417920351878,5.22637515200335,0.197189999403044,0.132282109172793,0.45166015625,0.722735185206862,6.61717748641968,0.04931640625,2.19688986535856,0.316911786794662,0.378177374601364,0.177459865808487,0.126959934830666
-0.0436302237212657,1.0484322319494,1.04933977127075,0.826354503631592,8.82969760894775,-0.13744480907917,3.38656067848206,4.28030627254691,5.43955068671254,0.192859002127549,0.124142185596066,0.439453125,0.695705237800633,6.59064292907715,0.04931640625,2.89732414301169,0.31345397233963,0.413430660963058,0.162453874945641,0.110558077692986,0.0071150138974189,1.02308487992151,1.02310967445374,0.812734723091125,7.11396789550781,0.0893762707710266,3.12189102172852,3.48285958497053,4.38446657434318,0.216595848524677,0.138862890559696,0.453125,0.77111275947277,6.67497062683105,0.04931640625,2.91963576022682,0.293428093194961,0.292560577392578,0.252817749977112,0.160617619752884,-0.0013722628355026,1.01137459378107,1.01137554645538,0.799648642539978,7.29092407226562,-0.0663070008158683,3.15054416656494,3.76324584881172,4.75975439780049,0.216295160430384,0.14389603811272,0.453125,0.788439490335614,6.70617008209229,0.04931640625,1.64439745006923,0.327961355447769,0.247237950563431,0.241984948515892,0.182299375534058,0.0083158686757087,1.03011798958643,1.03015160560608,0.809769690036774,7.20861959457397,-0.0181087236851453,3.22756338119507,3.7034240859594,4.71217557605191,0.19381075712181,0.13338116377765,0.45166015625,0.730639431114115,6.62180519104004,0.04931640625,1.88498180597022,0.330682098865509,0.375491857528687,0.165303438901901,0.128459453582764
-0.0122142722830176,1.03548634152277,1.03555846214294,0.814176619052887,8.41647148132324,-0.142504915595055,3.45911574363708,4.17701055923564,5.31503514275505,0.194372329563914,0.126640349190027,0.44091796875,0.711595493835932,6.59689664840698,0.04931640625,2.59011340488127,0.307769298553467,0.403489500284195,0.172193929553032,0.116301789879799,-0.002323034685105,1.00325119595392,1.00325393676758,0.796319365501404,7.05806350708008,0.213848531246185,3.26723957061768,3.94978055439639,4.97627043749995,0.216949875044641,0.136412328770237,0.44970703125,0.764527299902785,6.66059684753418,0.04931640625,3.52979318060316,0.280663907527924,0.306416273117065,0.257278263568878,0.155032485723495,0.0264221355319023,0.973126174019409,0.973484814167023,0.773679196834564,6.95951843261719,-0.0368527770042419,3.08736848831177,3.73200721006341,4.69706550946414,0.215935677517777,0.143870288646618,0.45458984375,0.791280811442188,6.70700931549072,0.04931640625,2.09446794821993,0.328662484884262,0.241078689694405,0.252895295619965,0.177304521203041,0.0006586834788322,1.05449569325311,1.05449593067169,0.825329601764679,7.67233180999756,-0.0567791201174259,3.32466006278992,4.05767377474385,5.18448650829812,0.194959073727017,0.132841091496561,0.4521484375,0.721046787877947,6.60438251495361,0.04931640625,2.47505978308986,0.316785991191864,0.391275554895401,0.160778999328613,0.130830362439155
-0.0039453795179724,1.02096581559045,1.02097344398499,0.803991317749023,8.1627140045166,-0.030454147607088,3.45523452758789,4.23345685392865,5.37663132874715,0.192774350657154,0.125566318576796,0.4326171875,0.70607452974527,6.59399127960205,0.04931640625,2.81127869890407,0.317261934280396,0.397346079349518,0.174421906471252,0.110612615942955,-0.0092863431200385,0.984276176498962,0.984319984912872,0.777763962745667,8.58040618896484,0.0792923644185066,3.53273701667786,4.44841232360009,5.63020156059398,0.219026227147652,0.135617430410101,0.44580078125,0.754286897742272,6.65877628326416,0.04931640625,3.57103996681133,0.271356463432312,0.303433805704117,0.268524199724197,0.15643048286438,0.0085628647357225,1.00958407025201,1.00962042808533,0.797258257865906,7.25077533721924,-0.0546279773116111,3.22945308685303,3.85654958522582,4.88544093177075,0.214278834973405,0.143473847018794,0.45458984375,0.781143540132531,6.70105504989624,0.04931640625,2.586063897924,0.332683265209198,0.24799057841301,0.242609620094299,0.176644936203957,0.019605491310358,1.0467164526449,1.04690003395081,0.815018355846405,7.63761615753174,-0.121018566191196,3.49709701538086,4.24463079559854,5.45470989862272,0.192679168119433,0.131412432235082,0.4482421875,0.718387438284613,6.60328102111816,0.04931640625,2.96690625120117,0.320790886878967,0.391839981079102,0.1670231372118,0.119374714791775
-0.0240762121975421,1.03957426648004,1.03985297679901,0.812581300735474,8.33277130126953,0.0227220654487609,3.57097816467285,4.22967632331779,5.41483149033005,0.195655159096654,0.125794329580858,0.435546875,0.70869704249352,6.59587860107422,0.04931640625,2.92919022773095,0.311177670955658,0.391066551208496,0.183602496981621,0.113623388111591,0.0086708487942814,0.989704073475433,0.989742040634155,0.785415291786194,8.58040618896484,0.0953768789768219,3.51102256774902,4.42404280257825,5.57562387846808,0.220525735732524,0.134854908655615,0.44580078125,0.753627504573638,6.6553840637207,0.04931640625,4.23748332697672,0.264579951763153,0.303711354732513,0.274313777685165,0.157360419631004,0.0468712300062179,1.02323496441705,1.02430784702301,0.814706563949585,7.25077533721924,-0.0025849118828773,3.08047461509705,3.75635450805502,4.72427192691385,0.215039234364568,0.142782735751844,0.455078125,0.791623561745463,6.71025848388672,0.04931640625,2.02574816449717,0.324244916439056,0.254352211952209,0.247857183218002,0.172904074192047,0.0349924974143505,1.08768200974329,1.08824467658997,0.850152671337128,8.11496639251709,-0.143229737877846,3.49035310745239,4.33857860025924,5.55430177619016,0.190826804784722,0.131497522972928,0.44775390625,0.714377740737454,6.60626029968262,0.04931640625,2.988709732735,0.327977448701859,0.389299482107162,0.163317918777466,0.117998585104942
-0.0204325970262289,1.02113926510675,1.02134370803833,0.799900650978088,8.16271495819092,-0.0022053457796573,3.57471776008606,4.20496723778302,5.3702685020279,0.196840151650406,0.127435933205452,0.439453125,0.715136770767435,6.60212182998657,0.04931640625,2.26909469946159,0.313306719064713,0.38351958990097,0.181600406765938,0.121070973575115,0.0484019853174686,1.012246967362,1.01340353488922,0.799952864646912,8.8712682723999,0.157645463943481,3.62443447113037,4.41080972551015,5.59535472890527,0.218968469896151,0.134425717954159,0.44482421875,0.747738488765639,6.65239667892456,0.04931640625,3.58816378164492,0.266265034675598,0.311562567949295,0.268701255321503,0.153403639793396,0.0068803541362285,0.980666876839233,0.980690956115723,0.786310732364655,6.93552398681641,0.106153964996338,2.95680952072144,3.79769168818329,4.73767540496312,0.216780983800049,0.142591279183013,0.45458984375,0.789991080884247,6.70874309539795,0.04931640625,1.27809878958456,0.321924209594727,0.246917352080345,0.256867110729217,0.173772990703583,-0.0182887315750122,1.09382796387537,1.09398078918457,0.852689743041992,8.17819976806641,-0.104542791843414,3.56773996353149,4.37363113549728,5.61150073977725,0.191858382721989,0.131491818554098,0.44873046875,0.69957301572254,6.58612632751465,0.04931640625,2.5601819438961,0.323960721492767,0.389033913612366,0.167168408632278,0.118450134992599
-0.0354987867176532,1.03198576073511,1.03259611129761,0.810907363891602,8.33785438537598,0.112065136432648,3.46412706375122,4.36392564657865,5.55742587101825,0.194681994980055,0.126362718235026,0.43798828125,0.715732384412248,6.61324405670166,0.04931640625,2.34253227508024,0.325301647186279,0.38461109995842,0.173767656087875,0.116019383072853,0.0673149675130844,1.01697826485498,1.01920366287231,0.803459942340851,9.34651374816894,0.0920317769050598,3.66990637779236,4.6206570945459,5.86952815453735,0.221903159823708,0.136421274952545,0.447265625,0.7705610576423,6.67290306091309,0.04931640625,2.68798265995143,0.266658246517181,0.302275508642197,0.266189575195312,0.164498567581177,0.003532925620675,1.02699732880457,1.02700340747833,0.818696022033691,7.25077533721924,0.0672574639320373,3.00955057144165,3.79127392848052,4.75651928547288,0.216512281642419,0.143601799724013,0.4541015625,0.785411411889548,6.700523853302,0.04931640625,1.03319295721557,0.323553472757339,0.251887053251266,0.245912969112396,0.178046241402626,0.0038102138787508,1.061239362763,1.06124627590179,0.828460335731506,8.05238151550293,-0.0715827122330665,3.47492456436157,4.40984190439517,5.64894672233609,0.191206872618868,0.132179093729652,0.451171875,0.712304876381875,6.60182809829712,0.04931640625,1.7195511322855,0.33498814702034,0.374837696552277,0.172334849834442,0.116623215377331
-0.0414670556783676,1.07196700672968,1.0727686882019,0.842935562133789,8.90634346008301,0.0044179931282997,3.48148918151855,4.30114158493414,5.47467158938483,0.196399810104705,0.127962294820337,0.44140625,0.723353053072802,6.61796045303345,0.04931640625,2.20659605994749,0.320343405008316,0.381308376789093,0.175199657678604,0.123112335801125,0.0640141665935516,1.00774073700769,1.00977182388306,0.80836945772171,7.531813621521,0.219181180000305,3.0615496635437,3.77275699755528,4.72024893018454,0.2175250333708,0.136808535601259,0.451171875,0.748126222218326,6.6472692489624,0.04931640625,3.27755644670735,0.278220236301422,0.310371279716492,0.254552692174911,0.155907690525055,0.0160329192876815,1.00933694939478,1.00946426391602,0.811134815216064,6.48430919647217,0.0802492052316665,2.89115738868713,3.29527845682064,4.10242771960758,0.216987208716918,0.143660338882599,0.4521484375,0.777278133329731,6.69452095031738,0.04931640625,1.11313697482454,0.324646174907684,0.244691267609596,0.252269506454468,0.17777906358242,0.0018113702535629,1.00796496968134,1.0079665184021,0.793505549430847,6.88377380371094,0.0401337519288063,3.22368359565735,3.46388666071659,4.40037638092304,0.189184580895329,0.132962306505092,0.45166015625,0.712991441535845,6.60160732269287,0.04931640625,1.94638062156049,0.342876076698303,0.375306963920593,0.163064315915108,0.117875099182129
-0.0055272076278924,1.05768501858575,1.05769944190979,0.832057774066925,8.48978519439697,-0.0044434629380702,3.38592076301575,4.13116116529033,5.25218573994507,0.193039747256796,0.127788226771938,0.44091796875,0.718133019325853,6.61241340637207,0.04931640625,1.4550990289745,0.334160089492798,0.381469309329987,0.162722706794739,0.121528618037701,0.0074454564601182,0.981954575584961,0.981982827186584,0.782758593559265,7.67233180999756,0.148058772087097,3.14384245872498,4.01080744174636,5.03250819941076,0.212499643071659,0.137270912012801,0.45068359375,0.747435163135044,6.64411163330078,0.04931640625,2.20445763852115,0.297085791826248,0.301458537578583,0.251836627721786,0.14889132976532,0.0087418584153056,0.99530440668924,0.99534273147583,0.798572540283203,6.40766143798828,0.0519438311457634,2.94095540046692,3.27038183810917,4.07708392578574,0.211650335111035,0.144423022091116,0.44873046875,0.777583341629647,6.68879079818726,0.01171875,1.29502193187658,0.343586802482605,0.237611249089241,0.246852740645409,0.171288818120956,-0.0002518473193049,1.03500819306238,1.03500819206238,0.816224098205566,6.88377285003662,0.0821382701396942,3.18582963943481,3.37338518436083,4.27760384468853,0.185724222081047,0.13414849425645,0.4521484375,0.693221530563473,6.57504272460938,0.04931640625,1.44747279297463,0.362382113933563,0.362535893917084,0.154424250125885,0.119880527257919
-0.0018901377916336,1.07739508252008,1.07739663124084,0.838169097900391,9.23759078979492,0.0003239512443542,3.69039154052734,4.51835777482864,5.80824183600782,0.191702073088846,0.126806138744185,0.4384765625,0.711574049643846,6.60359287261963,0.04931640625,1.3993788161831,0.339492678642273,0.375755250453949,0.17016014456749,0.114334315061569,0.0525887198746204,1.00728643040521,1.00865828990936,0.798902332782745,8.58771228790283,0.262869089841843,3.40914511680603,5.0988442658608,6.44319331105368,0.214566621617036,0.13905391136563,0.45068359375,0.751022075288856,6.65021753311157,0.04931640625,1.54846276787306,0.30291286110878,0.279717415571213,0.263200640678406,0.153295874595642,0.0089924447238445,1.01415360073907,1.01419353485107,0.809551119804382,6.58361577987671,-0.0031220577657222,3.01041555404663,3.28188345442438,4.11194075845219,0.211728974478365,0.143092381780603,0.4482421875,0.792397340917198,6.7045636177063,0.01171875,1.40229439118731,0.338671773672104,0.243334382772446,0.25432163476944,0.162975803017616,0.0089503228664398,0.994524777935577,0.994565010070801,0.787637710571289,6.88377380371094,0.0181647390127182,3.17142200469971,3.51056164467997,4.43442767341419,0.187864530217713,0.134460856820133,0.45263671875,0.732461711746542,6.6187572479248,0.04931640625,1.32410174612654,0.359338492155075,0.358299136161804,0.157743275165558,0.124388128519058
0.0021556802093982,1.07899904351099,1.0790011882782,0.839026391506195,9.65748119354248,-0.0515414476394653,3.81180334091186,4.67409232122779,6.01106200757077,0.193473099622359,0.127265158477522,0.439453125,0.720372538674298,6.61984825134277,0.04931640625,1.73084770177526,0.329992979764938,0.37683492898941,0.18012709915638,0.112992957234383,0.0261708628386259,1.01133227448328,1.0116708278656,0.799943923950195,8.58771324157715,0.246385172009468,3.46785306930542,5.08366147654986,6.43371268790358,0.216952373012994,0.139843371437127,0.4521484375,0.755875419558675,6.65223121643066,0.04931640625,2.19824309963673,0.294373393058777,0.283036798238754,0.260150343179703,0.161842167377472,0.0054126363247632,1.00814354519708,1.00815808773041,0.804539024829865,6.62760448455811,-0.0347326546907424,3.0844566822052,3.33061922140643,4.17364046410675,0.21342759979421,0.142459411535851,0.44921875,0.779289511683962,6.69794797897339,0.01171875,1.1492314513826,0.335593193769455,0.242111951112747,0.255924463272095,0.166141211986542,0.0353938862681388,1.02722179989679,1.02783143520355,0.815739393234253,7.31400871276855,0.0703475177288055,3.1629786491394,3.60924835027803,4.55208809599517,0.19059349362958,0.135345815416339,0.45263671875,0.727770111916461,6.62017726898193,0.04931640625,1.97373290489859,0.352419555187225,0.35710471868515,0.160513639450073,0.129856020212173
0.0031511886045336,1.07919800381525,1.07920265197754,0.840273976325989,9.65748119354248,-0.0343217179179191,3.73371839523315,4.67321976969403,6.00211955607223,0.198142134457537,0.126004505126959,0.44287109375,0.718490535587853,6.62646818161011,0.04931640625,2.87246920739068,0.312037825584412,0.38799923658371,0.183089017868042,0.116636149585247,0.0445904359221458,1.00441587071283,1.00540506839752,0.794942319393158,8.58771324157715,0.178339019417763,3.47961902618408,5.13930259204655,6.50606414287257,0.220583623140352,0.139207903635069,0.45263671875,0.756072963060425,6.65673732757568,0.04931640625,3.41727044726846,0.28303998708725,0.279350817203522,0.273466885089874,0.16314223408699,-0.015741016715765,1.04548013310297,1.04559874534607,0.831271469593048,6.92885971069336,-0.0462353751063346,3.13917469978333,3.35732799078027,4.22427798361929,0.216389944270865,0.142781907748898,0.45166015625,0.78040676423576,6.70248699188232,0.04931640625,1.02359128339906,0.327700972557068,0.235876262187958,0.262504041194916,0.173860609531403,-0.0145746655762195,1.01675427059991,1.01685881614685,0.810635328292847,7.90117692947388,-0.0481462851166725,3.14323043823242,4.23253751329068,5.31021628235642,0.19428689611618,0.134049126191283,0.453125,0.734348428193494,6.63587379455566,0.04931640625,2.92578217565174,0.33512669801712,0.363768339157104,0.168228894472122,0.132587358355522
-0.0059955120086669,1.07387864689691,1.07389533519745,0.837855994701385,9.65748119354248,-0.0502128005027771,3.70610213279724,4.69631537022859,6.01981614121004,0.199162952323224,0.126165646951939,0.44140625,0.728801817144343,6.62336254119873,0.04931640625,1.88217624798139,0.309836447238922,0.382146835327148,0.190771728754043,0.11689430475235,0.0681450068950653,1.03047168354852,1.03272259235382,0.810988545417786,9.32512092590332,0.256250023841858,3.81322717666626,5.80988548000551,7.40978196789752,0.223294981474925,0.13822782870634,0.4501953125,0.766456376931508,6.66186618804932,0.04931640625,2.12424279366652,0.272325396537781,0.280739605426788,0.281514525413513,0.164431124925613,-0.0267664641141891,1.01247751812799,1.01283133029938,0.8012455701828,7.32742214202881,-0.0833341479301452,3.19612693786621,3.76864743994392,4.76492633239345,0.218670847107582,0.141694962126035,0.45361328125,0.78621699169964,6.7080888748169,0.04931640625,1.04732023800706,0.31979364156723,0.241907984018326,0.26181834936142,0.176311433315277,-0.0197817236185073,1.01627719502313,1.01646971702576,0.810053706169128,8.55080223083496,-0.0452910810708999,3.21608757972717,4.30245042069976,5.40149511641688,0.199630356033683,0.132095046580118,0.453125,0.732143633425456,6.62424564361572,0.04931640625,2.10351393100929,0.308683693408966,0.38284707069397,0.173692524433136,0.134477093815804
-0.0067944563925266,1.03081202607019,1.03083443641663,0.812605738639832,8.12321376800537,-0.0598303340375423,3.32460927963257,4.30994628404464,5.46807074280898,0.196635165546793,0.126072317497283,0.4423828125,0.723398217805761,6.62569952011108,0.04931640625,1.37636717606906,0.317506790161133,0.383808076381683,0.183950662612915,0.114255130290985,0.0269659124314785,0.996059895561768,0.996424853801727,0.790023446083069,9.20964527130127,0.159590423107147,3.58235764503479,6.02152783633032,7.60014259723598,0.222307745521279,0.138876784146506,0.4521484375,0.767027514932129,6.67188215255737,0.04931640625,1.57253862354269,0.279659450054169,0.279905438423157,0.272961258888245,0.167075678706169,-0.0376197546720504,1.0205066214071,1.02119982242584,0.810146570205688,7.0974817276001,-0.158165723085403,3.14055776596069,3.7377642614463,4.71470515950976,0.218163833733509,0.143610441713074,0.45556640625,0.795944890483519,6.71190643310547,0.01171875,1.12468128759389,0.327693194150925,0.232888787984848,0.257075905799866,0.18181948363781,-0.0322342701256275,1.02730298142297,1.02780842781067,0.818376421928406,8.28358840942383,-0.0278355330228805,3.24242353439331,4.12201790344869,5.17848354706237,0.19842451562713,0.131770633335276,0.45263671875,0.718247392903458,6.60479164123535,0.04931640625,1.67970207067389,0.306726992130279,0.396988809108734,0.161800101399422,0.134038180112839
-0.0130158439278602,1.07337892155511,1.0734578371048,0.841586947441101,8.26251220703125,-0.079702541232109,3.40595817565918,3.96636244431483,5.05992383076076,0.196188326437931,0.126001541574023,0.43994140625,0.704856096222845,6.59740543365479,0.04931640625,2.28662847638583,0.315474838018417,0.389437019824982,0.177419140934944,0.117494277656078,0.0498835146427154,1.00261056523187,1.00385081768036,0.794757068157196,9.44222831726074,0.115822732448578,3.55564856529236,5.97698371944097,7.55633669516524,0.220230762414347,0.137941202968258,0.44921875,0.766830343306915,6.66671657562256,0.04931640625,3.11118185341088,0.279454082250595,0.287264227867126,0.271380543708801,0.161874741315842,-0.0236152578145265,1.03701937298639,1.03728818893433,0.824753522872925,7.0974817276001,-0.0930345058441162,3.02987098693848,3.70934805105977,4.66862186949272,0.214231204791307,0.145269699713506,0.45556640625,0.785323409267238,6.70103931427002,0.04931640625,1.04363582957177,0.34539532661438,0.22027325630188,0.257008045911789,0.177160516381264,0.007904190570116,1.03053319554193,1.03056347370148,0.815712094306946,7.79631900787354,-0.001994514837861,3.21002531051636,3.81142610156277,4.81550442868882,0.193042476768847,0.132517505921334,0.4521484375,0.710980123765485,6.58883380889893,0.04931640625,2.07982010400575,0.325394093990326,0.39020448923111,0.152750343084335,0.131151497364044
-0.0018416261300444,1.03954804043634,1.03954970836639,0.818925082683563,8.0938892364502,-0.0843356847763061,3.38357162475586,4.01215130844071,5.09318911129473,0.196888168743426,0.126648671908409,0.4404296875,0.703218573548037,6.59639120101929,0.04931640625,2.74168518537829,0.30916553735733,0.396836489439011,0.17253340780735,0.121204167604446,0.0532600730657577,1.04821372132166,1.04956591129303,0.827773690223694,9.56516551971436,0.224971130490303,3.60700273513794,5.71664907341698,7.25957787181919,0.224230024502768,0.13709091872965,0.44921875,0.772208526296434,6.67065715789795,0.04931640625,4.30929077600935,0.265648484230042,0.292882561683655,0.27519690990448,0.165735110640526,-0.0165744572877883,0.993499995277954,0.993638217449188,0.791887760162354,7.18479204177856,-0.0342081785202026,3.01163482666016,3.70393658887138,4.64911500092521,0.214243950277716,0.143204889922206,0.45263671875,0.801271274313543,6.70352029800415,0.04931640625,1.27305401415116,0.334483206272125,0.239950150251388,0.25346040725708,0.171625107526779,0.0177941136062145,1.03522431950433,1.03537726402283,0.821436107158661,7.45907402038574,0.0638920813798904,3.12517356872559,3.73622505705088,4.71071128714668,0.192146106043232,0.131637999464789,0.45166015625,0.705760464812254,6.58538722991943,0.04931640625,2.53962885313258,0.322738289833069,0.398485332727432,0.151255667209625,0.127438426017761
0.0189337544143199,1.04149913887842,1.04167127609253,0.818142414093018,8.0938892364502,-0.0636702701449394,3.44598698616028,4.00397977590876,5.09850399510649,0.198053523485134,0.125959899837872,0.44140625,0.711333148501171,6.60423898696899,0.04931640625,2.89425304538453,0.308570444583893,0.393460869789123,0.177174240350723,0.120603829622269,0.0418080314993858,1.02865350346429,1.02950286865234,0.816114902496338,8.35619163513184,0.139128401875496,3.20098924636841,4.50120285395637,5.68161456655148,0.223124145957914,0.137649332904524,0.4501953125,0.767999495363787,6.67092800140381,0.04931640625,4.77687765160508,0.270768702030182,0.291929304599762,0.267539024353027,0.169317960739136,-0.0149563867598772,0.995399714516235,0.995512068271637,0.796102941036224,7.08215236663818,-0.0084013119339942,2.97206735610962,3.59386228324903,4.49595543063985,0.217321430359083,0.143809458882066,0.453125,0.789980580232991,6.70248603820801,0.04931640625,1.22339738367218,0.32842630147934,0.229984030127525,0.262763202190399,0.178363338112831,0.0117405643686652,0.968273283051086,0.968344509601593,0.774167060852051,6.81782531738281,0.0373195186257362,3.02300357818604,3.6333033224257,4.54582420084604,0.193171248026482,0.13204328572213,0.4521484375,0.723782966666501,6.59819793701172,0.04931640625,2.10121170201206,0.321381628513336,0.397331237792969,0.153234034776688,0.127904325723648
-0.0201503075659275,1.02475595574243,1.02495396137238,0.803316473960876,7.99753284454346,-0.113088563084602,3.50777053833008,4.00213585729084,5.10646249078102,0.197227754422169,0.126747229906579,0.44140625,0.702513019085802,6.59196281433105,0.04931640625,2.4754714986752,0.310640335083008,0.39306253194809,0.173790857195854,0.122499644756317,0.043296605348587,0.998070241020752,0.999008893966675,0.794738173484802,8.0577564239502,0.191548481583595,3.14746141433716,4.47293471595129,5.62754064030669,0.220005579721652,0.136337358642069,0.4462890625,0.748983531892951,6.65522718429565,0.04931640625,3.02257600892702,0.275274008512497,0.296076208353043,0.267372965812683,0.161131292581558,0.026347279548645,1.00371718506677,1.00406289100647,0.803359985351562,7.40406894683838,0.0546092502772808,2.99310207366943,3.69468803541466,4.61906063407432,0.216017032441117,0.142941967810394,0.4501953125,0.782541823422887,6.70600891113281,0.04931640625,1.29027057501824,0.328008234500885,0.239232212305069,0.255656182765961,0.176962673664093,0.0040780184790492,1.02226746182306,1.02227568626404,0.812043488025665,6.92344856262207,0.0560537576675415,3.05353665351868,3.5512406865408,4.47113569007066,0.192776809713139,0.132894537232665,0.4521484375,0.734799538557957,6.61272764205933,0.04931640625,2.07184921773913,0.329738944768906,0.381752818822861,0.160407602787018,0.127919271588326
-0.0177557840943336,1.03293037514551,1.03308284282684,0.810984969139099,8.04990005493164,-0.0291884858161211,3.42274212837219,4.22959967751679,5.3886173194913,0.195478017726445,0.125655202656925,0.4404296875,0.701531208193381,6.59245300292969,0.04931640625,1.99078416233065,0.318854570388794,0.388331681489944,0.17683145403862,0.11580653488636,0.0632687881588935,0.997860909508301,0.999864637851715,0.799371600151062,7.22668695449829,0.316451758146286,3.06378769874573,4.49319863192497,5.63043765441141,0.220372761382036,0.137002729621532,0.4462890625,0.753604176422269,6.65225744247437,0.04931640625,1.89300711082228,0.281597495079041,0.289632767438888,0.263893306255341,0.164568901062012,0.0478892028331756,0.985847891377045,0.987010419368744,0.787448644638062,7.40406894683838,0.0278326366096735,3.04515075683594,3.78958272396761,4.75146856916815,0.217935534289094,0.143000988374996,0.45263671875,0.795877710180598,6.71951866149902,0.04931640625,1.55386435962758,0.32139191031456,0.244188785552978,0.252588272094727,0.181778579950333,-0.0334668792784214,0.994154275463654,0.994717419147492,0.796959519386292,8.03437423706055,-0.0193734336644411,3.10868382453919,4.48724574166914,5.60209139939023,0.195341734653612,0.130984343362674,0.44873046875,0.709745819940594,6.58938026428223,0.04931640625,1.61909179434092,0.319201052188873,0.388223081827164,0.16692453622818,0.125233143568039
-0.0003499276936054,1.03412342171533,1.03412342071533,0.814121723175049,7.71448755264282,-0.0083094872534275,3.25643038749695,4.02211125651654,5.10908266010078,0.192891801973008,0.12576040425618,0.43896484375,0.702815927076859,6.5842399597168,0.04931640625,1.72937711347863,0.328750461339951,0.383692532777786,0.176488175988197,0.110965698957443,0.0433965809643268,0.984529734657837,0.985485732555389,0.788480043411255,6.58832931518555,0.196598872542381,2.98325681686401,3.78877960861619,4.73653156592585,0.219046113651895,0.137677408806499,0.44970703125,0.769520777214477,6.66094589233398,0.04931640625,2.02187753455772,0.283073723316193,0.296132326126099,0.254297852516174,0.166148781776428,0.0023877145722508,0.996293009327484,0.996295809745789,0.797561764717102,6.72957801818848,-0.0634744018316268,2.95244598388672,3.72349167173875,4.65153096632902,0.218297316586661,0.143206689691125,0.453125,0.780717812569514,6.70511150360107,0.04931640625,2.11646602624662,0.321231424808502,0.241776794195175,0.256450057029724,0.180352985858917,-0.01135531719774,0.978988410042358,0.97905421257019,0.781698226928711,7.69489479064941,0.024553544819355,3.16901564598083,4.33728978668151,5.43232885838492,0.191859819555701,0.132034584186375,0.45068359375,0.70785347776099,6.58732223510742,0.04931640625,1.57084366782741,0.329008907079697,0.388032495975494,0.159681543707848,0.122998669743538
-0.0335255786776542,1.00521922211511,1.00577807426453,0.791236281394958,7.55704927444458,-0.0632777959108352,3.2553186416626,4.07843947463655,5.1863081255186,0.195030703259798,0.126434541003444,0.43896484375,0.704484158382339,6.59759855270386,0.04931640625,2.41647166486802,0.320344567298889,0.389099717140198,0.174442172050476,0.115968719124794,0.0401031672954559,1.01920485596521,1.01999354362488,0.811002612113953,7.97344398498535,0.2123042345047,3.14583778381348,4.1211267505971,5.18827274030135,0.220614263985979,0.136547170373602,0.44921875,0.767154789565604,6.66254949569702,0.04931640625,3.88435986264607,0.273053020238876,0.300053238868713,0.263419419527054,0.16345551609993,9.72989946603775e-05,0.98472660879953,0.984726548194885,0.786641120910645,6.72957801818848,-0.0747225582599639,3.00228381156921,3.76723787627459,4.71588562033369,0.215451101642261,0.142705038870362,0.4521484375,0.785482542739644,6.7111234664917,0.04931640625,2.45820832768132,0.328291445970535,0.247668534517288,0.250440180301666,0.17313589155674,-0.033026747405529,1.05261027912958,1.05312836170197,0.833440363407135,8.4943675994873,0.0142656918615102,3.2754271030426,4.50326177786556,5.69050456773582,0.195649780573456,0.132895800598618,0.4521484375,0.728373497966128,6.61062669754028,0.04931640625,2.10043581544197,0.318620026111603,0.387096107006073,0.16297422349453,0.130921542644501
-0.0051293186843395,1.03416955571039,1.03418231010437,0.816712260246277,7.2758903503418,-0.0097491890192031,3.11715006828308,3.5246402704713,4.46409429778847,0.195274312731691,0.126503244194766,0.4384765625,0.711356894292079,6.60528707504272,0.04931640625,3.31877530548874,0.321310520172119,0.386254131793976,0.176295578479767,0.115945979952812,0.0067428229376673,0.996833742664886,0.996856570243835,0.794041097164154,7.83355903625488,0.103621624410152,3.15037703514099,4.17841058656048,5.24688668521069,0.225526565886247,0.135912139598926,0.44970703125,0.758434475999956,6.65424251556396,0.04931640625,4.67212933679199,0.25650942325592,0.305000901222229,0.265588164329529,0.172768369317055,0.0110254380851984,0.997765244053436,0.997826099395752,0.796290397644043,7.29676342010498,0.0120277144014835,3.11357474327087,3.93285961090006,4.92830612000264,0.221534146710383,0.140729750470928,0.4501953125,0.786779492495323,6.70949077606201,0.04931640625,2.77622598618966,0.30429071187973,0.253893107175827,0.261286199092865,0.180458545684814,0.0305318646132946,1.00420296292169,1.00466692447662,0.799326300621033,7.99469995498657,0.0659919381141662,3.22003269195557,4.38357061828289,5.51378936761228,0.194670497847879,0.133213923905592,0.4521484375,0.714977172800905,6.59805727005005,0.04931640625,1.67328805364495,0.322293847799301,0.384676039218903,0.162013232707977,0.130724847316742
-0.0259893145412206,1.04921734433038,1.04953920841217,0.836257040500641,6.9795126914978,-0.0795487314462661,2.95725345611572,3.57651013559116,4.4897668034456,0.194092287452303,0.126247363631378,0.4404296875,0.720672864499895,6.61203193664551,0.04931640625,2.86601820736101,0.329682171344757,0.380845129489899,0.174256026744843,0.114875361323357,0.0057085752487182,1.00622856716974,1.00624477863312,0.797552347183228,8.05838966369629,0.036329761147499,3.23276734352112,4.13942624585472,5.22297552348978,0.223902541791371,0.136216581510817,0.44873046875,0.740026774685673,6.64014959335327,0.04931640625,4.05947689198453,0.263360381126404,0.300669372081757,0.266521871089935,0.169370621442795,0.0005164602771401,0.981309236095978,0.981309413909912,0.782257199287415,7.29676342010498,0.0691616684198379,3.20141053199768,3.99905463997676,5.01667826620615,0.222170312119555,0.140386327156852,0.4501953125,0.784581097627004,6.70819854736328,0.04931640625,2.67120956738854,0.302728354930878,0.254970729351044,0.258001714944839,0.184192672371864,0.0326047763228416,0.998582602547241,0.999114751815796,0.795211315155029,7.0821533203125,0.121844463050365,3.10089635848999,3.59385298754431,4.52025480444973,0.191942290467256,0.134368185291279,0.4521484375,0.71424182889904,6.59311628341675,0.04931640625,2.03741181899964,0.335859894752502,0.375977218151092,0.156382590532303,0.131679505109787
0.0017052516341209,1.04669463734491,1.04669606685638,0.828607439994812,7.01470327377319,-0.0187169797718524,3.07313346862793,3.63727871622585,4.59472704470904,0.196824804891669,0.124933735570208,0.4404296875,0.722221190260447,6.62057447433472,0.04931640625,1.88559385661017,0.309772610664368,0.3982213139534,0.175801187753677,0.11572128534317,0.0052467416971921,0.996563733624054,0.996577560901642,0.792831182479858,7.91945171356201,0.0705748572945594,3.15345311164856,4.10751876539454,5.16349348986428,0.227254831809741,0.13619826916901,0.44970703125,0.764225525504762,6.65921974182129,0.04931640625,1.90832923122396,0.260429918766022,0.287953466176987,0.278961896896362,0.172621190547943,-0.0056301723234355,1.02815854649408,1.02817404270172,0.811776101589203,8.89685440063477,0.141876190900803,3.53821468353271,4.95130115650139,6.27237609472035,0.220526114080847,0.139027227652836,0.44921875,0.781215698562298,6.70570087432861,0.04931640625,1.79395944426877,0.305228292942047,0.258562564849854,0.257674694061279,0.17813666164875,0.0561012104153633,1.02356660466058,1.02510285377502,0.818573594093323,7.29293060302734,0.12569896876812,2.97506380081177,3.55717040777584,4.45615009438673,0.194853591004296,0.134656002239594,0.45263671875,0.728772642039433,6.61249160766602,0.04931640625,1.86190980744335,0.330712676048279,0.371353060007095,0.163733869791031,0.133861601352692
-0.0030786339193582,1.02948796849115,1.02949261665344,0.819794178009033,6.40766143798828,0.0474849268794059,2.95958042144775,3.20462643895939,4.02445426289421,0.192953489821898,0.123738342108851,0.4375,0.71083538183397,6.60606956481934,0.04931640625,1.63275800732838,0.324354261159897,0.394176810979843,0.174384251236916,0.106630936264992,0.0066719930619001,0.995626867817474,0.995649218559265,0.793612539768219,8.3729887008667,-0.0078662112355232,3.25494003295898,4.56686746161424,5.72963438213566,0.225809892303274,0.137050780095285,0.44921875,0.757935485298628,6.65548324584961,0.04931640625,1.57802237747075,0.265732973814011,0.289734989404678,0.269411146640778,0.174793407320976,-0.0119001939892768,1.01687789063318,1.01694750785828,0.798337697982788,8.30373001098633,0.0801093578338623,3.62682271003723,4.6574910976343,5.93285770708783,0.219323299506778,0.140233334549512,0.44921875,0.784734908302786,6.70252656936646,0.04931640625,1.79919281620018,0.312456458806992,0.246163427829742,0.259499907493591,0.181552678346634,0.0495077297091484,0.978138030575348,0.979390144348144,0.786658406257629,6.64571809768677,0.199101477861404,2.96541285514832,3.76750911282223,4.69776879491213,0.191703986799086,0.133413999151972,0.451171875,0.724691170154428,6.60188245773315,0.04931640625,1.50398352332949,0.338950723409653,0.372664481401443,0.161526948213577,0.126504719257355
0.0382175967097282,1.04919874768121,1.04989457130432,0.832013547420502,6.90276718139648,0.0271832384169101,3.07039356231689,3.63591825117396,4.58991619863458,0.194756074392293,0.123684140681355,0.4384765625,0.706528904053945,6.59250831604004,0.04931640625,2.42034901755223,0.311875909566879,0.409681349992752,0.167963325977325,0.110328167676926,0.0236143358051776,1.02419924836023,1.02447140216827,0.810762643814087,8.51988315582275,0.0771558955311775,3.39297556877136,4.51625102001142,5.70733779427596,0.220645315484297,0.137765398385223,0.447265625,0.750840476607081,6.6498498916626,0.04931640625,3.04320797961577,0.280097097158432,0.294196099042892,0.257958829402924,0.16754686832428,-0.0344610698521137,1.02934897045953,1.02992570400238,0.812606811523438,8.49245166778564,0.0392987430095672,3.52848958969116,4.68843584864219,5.94471031807836,0.213562102207129,0.142418611872583,0.44921875,0.775255670623865,6.69475269317627,0.04931640625,1.73005717687775,0.333243429660797,0.241354435682297,0.247980564832687,0.177050933241844,0.0025500273331999,0.981963933514191,0.981967270374298,0.784381628036499,7.05324554443359,0.202105462551117,3.12460422515869,3.76801098660588,4.71759195244082,0.188655349194311,0.132346881412843,0.45166015625,0.712999172283377,6.59957599639893,0.04931640625,1.90514412586241,0.343392789363861,0.37939989566803,0.157044947147369,0.119868792593479
0.0323023274540901,1.0052011023031,1.00572001934052,0.798517525196075,6.62102127075195,0.0179485529661178,3.02801942825317,3.6406963392512,4.58721103095436,0.196288492034204,0.124278801245214,0.43701171875,0.710212007701676,6.59846305847168,0.04931640625,2.98709785412201,0.302348494529724,0.414967000484466,0.170142769813538,0.112220749258995,0.0303452089428901,1.01195871929987,1.01241362094879,0.804510831832886,7.98831558227539,0.100525751709938,3.29106664657593,4.51291944051313,5.68135229843102,0.226007592841659,0.136344959934619,0.4501953125,0.763205021716534,6.66727542877197,0.04931640625,3.79152017515157,0.259370565414429,0.301275193691254,0.266952812671661,0.172376573085785,-0.0154865281656384,1.04299247364862,1.04310739040375,0.818497657775879,8.49245166778564,0.0621622391045093,3.51201486587524,4.65858008364373,5.93872982977788,0.214586778064627,0.140974264845289,0.44873046875,0.777346374278757,6.69552564620972,0.04931640625,1.69899361803895,0.32653596997261,0.249112516641617,0.245932027697563,0.177784621715546,-0.0137382466346025,0.972021759556366,0.97211879491806,0.777769207954407,7.05324554443359,0.176061928272247,3.14715957641602,3.80618447309359,4.7581797309793,0.192293211379408,0.131409898942622,0.45068359375,0.720552899292175,6.60013914108276,0.04931640625,2.68515718791619,0.328034073114395,0.383310347795486,0.166929826140404,0.12170498073101
0.0015643620863556,1.02514398197992,1.02514517307281,0.815346717834473,8.44518661499023,0.0176437646150589,3.18389129638672,4.55079729974253,5.72201863083189,0.194189412157615,0.124983502444435,0.43798828125,0.70214364674532,6.58567142486572,0.04931640625,3.2204492651524,0.316628336906433,0.40541672706604,0.164095610380173,0.11370450258255,0.0184777677059173,1.00489771466119,1.0050675868988,0.794856667518616,8.05838966369629,0.0922268107533454,3.41242933273315,4.60344167421017,5.82419123645782,0.222420411181675,0.137953854126527,0.44970703125,0.763001722331127,6.66505432128906,0.04931640625,4.16263507490655,0.273706257343292,0.298500299453735,0.257870316505432,0.169507026672363,-0.0010928232222795,1.02076542477472,1.02076601982117,0.804855346679688,7.29676342010498,0.0387280136346817,3.31543779373169,3.69430067305156,4.68545291065212,0.213850761531398,0.141727078438617,0.44970703125,0.779111677050886,6.70034980773926,0.04931640625,1.93644216351427,0.330437511205673,0.24468968808651,0.247272968292236,0.177488178014755,0.0348907895386219,1.00532388787134,1.00592923164368,0.806533813476562,7.41939783096313,0.188224360346794,3.22847270965576,4.00336937670218,4.99500171318573,0.18988072601692,0.130869586357802,0.4501953125,0.712303563800468,6.59572982788086,0.04931640625,2.31320232809383,0.333068966865539,0.389930486679077,0.156048029661179,0.120843708515167
0.0032865419052541,1.05977738003595,1.05978262424469,0.829632997512817,8.51544570922852,0.089851438999176,3.61404895782471,4.40206111978625,5.62372130336221,0.196317558248748,0.126520946640645,0.44287109375,0.69198084749891,6.57348299026489,0.04931640625,2.39924623379393,0.311156213283539,0.408385545015335,0.158641561865806,0.121615707874298,0.0446962974965572,1.03122902016504,1.03219723701477,0.813632607460022,7.88913249969482,0.212864503264427,3.29324102401733,4.04906510956197,5.13999741608638,0.220964598070791,0.138998551180356,0.45068359375,0.767965115752192,6.66648864746094,0.04931640625,2.524039932863,0.280090987682342,0.299502849578857,0.250385373830795,0.169534802436829,-0.022058030590415,1.03902924160822,1.03926336765289,0.823262572288513,9.25015926361084,-0.0293939635157585,3.37851095199585,5.33114107548614,6.73164295922197,0.213168329551145,0.141047385041113,0.4501953125,0.792636171070477,6.71089172363281,0.04931640625,1.84602462152097,0.327723324298859,0.258544981479645,0.242648661136627,0.171053320169449,0.0297860000282526,1.00141453842981,1.00185751914978,0.801238656044006,7.79631900787354,0.195501610636711,3.32072186470032,4.39586205965415,5.49692304910585,0.19180329108023,0.130849141937692,0.44921875,0.715595577631966,6.59869766235352,0.04931640625,2.02455611802302,0.330410242080688,0.383715093135834,0.164660006761551,0.121013820171356
0.0025226091966032,1.03556203942163,1.03556513786316,0.813821494579315,8.69662570953369,0.128452956676483,3.63826417922974,4.60085806426942,5.85455223474284,0.197663937726549,0.126426693949202,0.44189453125,0.708605927543446,6.59736680984497,0.04931640625,1.6985880736789,0.310161411762237,0.397988200187683,0.167345374822616,0.124349199235439,0.0242860708385705,0.98915296892984,0.989451050758362,0.784436285495758,7.32636499404907,0.153957784175873,3.1834511756897,3.78450905791488,4.77475660880425,0.223877571498211,0.138295060388803,0.4521484375,0.74879714533316,6.6473970413208,0.04931640625,1.875713836115,0.273322641849518,0.29681983590126,0.257591366767883,0.171849548816681,-0.0258008949458599,1.00908637146814,1.00941610336304,0.796302318572998,8.82969665527344,-0.0882128328084945,3.37201642990112,5.23928680065153,6.64378558889946,0.215690814277484,0.141370362153667,0.451171875,0.786164130466614,6.71252727508545,0.04931640625,1.45751858974179,0.320122480392456,0.260413855314255,0.243743598461151,0.175531685352325,0.0217171423137187,0.990094126270844,0.990332305431366,0.798171639442444,7.83599472045898,0.0469463169574737,3.1023690700531,4.44701988757229,5.51793760137042,0.195368863360345,0.130548674757068,0.45166015625,0.720609936920587,6.59968566894531,0.04931640625,1.81885841711838,0.3183154463768,0.387542545795441,0.170336335897446,0.123778879642487
0.0098527837544679,1.05367803673608,1.05372416973114,0.827454686164856,8.51544570922852,0.147109225392342,3.6027467250824,4.42737105174082,5.63850532849324,0.193537949671503,0.126904124834477,0.44091796875,0.705027567084829,6.59321594238281,0.04931640625,1.85349886697074,0.326789736747742,0.390028953552246,0.164613276720047,0.118258729577065,0.0230879485607147,0.984475077198578,0.984745800495148,0.781025648117065,7.32636499404907,0.10880670696497,3.16927242279053,3.80259196033888,4.79555494341942,0.218980375795223,0.13947512366182,0.44873046875,0.746521188836247,6.63991832733154,0.04931640625,2.12378777444385,0.290600508451462,0.289037466049194,0.253015100955963,0.166874945163727,-0.0273053869605064,1.00311815838678,1.00348973274231,0.797907173633575,8.79903793334961,-0.127812623977661,3.35758519172669,5.27022877676239,6.63498900644387,0.214173586364602,0.142255725077772,0.45068359375,0.787037653392959,6.70244407653809,0.04931640625,1.80501759492224,0.324936747550964,0.254254639148712,0.247521325945854,0.173084259033203,0.0064833033829927,0.972489834831787,0.972511470317841,0.781708836555481,7.8048210144043,0.0354334115982055,3.12247276306152,4.33967590331795,5.39914044843606,0.193003351628202,0.132028692604598,0.45263671875,0.707259039870793,6.58712434768677,0.04931640625,1.8106646401592,0.330805242061615,0.381114333868027,0.164034977555275,0.123819179832935
-0.00956108327955,1.04193246464594,1.04197633266449,0.821302235126495,8.42765712738037,0.0769035071134567,3.43729734420776,4.43113006942199,5.62274478487041,0.197997692976578,0.127474688654307,0.443359375,0.717422392636527,6.60660028457642,0.04931640625,2.18258691998088,0.313776582479477,0.38740137219429,0.175637438893318,0.123018324375153,0.0392585843801498,0.992141665028168,0.992918133735657,0.787175536155701,7.20218944549561,0.105988778173923,3.14183807373047,3.70737408893126,4.67782212835333,0.223258065793027,0.135784217847311,0.4482421875,0.748044141245091,6.64905023574829,0.04931640625,3.57958721339258,0.262869417667389,0.306745648384094,0.267436265945435,0.16202001273632,-0.0209805369377136,0.998017371700836,0.99823784828186,0.792193710803986,8.79903793334961,-0.155024468898773,3.46107077598572,5.29795626939914,6.68110196697419,0.215017248675543,0.141785908711015,0.4501953125,0.783861730457775,6.70389080047607,0.04931640625,2.18145074570312,0.320259213447571,0.261870920658112,0.242634266614914,0.17521658539772,-0.010674538090825,0.980626107262207,0.980684161186218,0.780988335609436,8.03437423706055,-0.0090470053255558,3.21788477897644,4.43008420428158,5.5652171464411,0.194005454931139,0.131635484270975,0.45263671875,0.717319388727107,6.61130714416504,0.04931640625,2.44868747412378,0.324340879917145,0.385003119707107,0.169146150350571,0.121065214276314
-0.0113167241215705,1.02484655480249,1.0249091386795,0.813634514808655,6.87406587600708,0.019484270364046,3.11404228210449,3.36050119002471,4.23392008029233,0.194597436836462,0.126598666651121,0.44189453125,0.711521086293534,6.60596561431885,0.04931640625,2.59585499234569,0.324207693338394,0.388739287853241,0.169946014881134,0.117098823189735,0.0041678678244352,0.972246528671814,0.97225546836853,0.779175996780396,7.03563594818115,0.0665030777454376,2.99708247184753,3.88732581164128,4.85095820565492,0.22195459288409,0.137259569416325,0.44970703125,0.766456376931508,6.66940975189209,0.04931640625,4.0952298679697,0.275458037853241,0.291265249252319,0.265656709671021,0.167300388216972,-0.029416162520647,0.987410307930542,0.987848401069641,0.785919368267059,7.11281204223633,-0.0230993218719959,3.18290400505066,3.64670718506802,4.58484171149855,0.216384755519931,0.142066277472957,0.4501953125,0.790732391065235,6.7136926651001,0.04931640625,2.43100106645302,0.319329440593719,0.260757505893707,0.240765690803528,0.178924977779388,-0.0033687017858028,0.960257531212402,0.960263431072235,0.762980759143829,6.78344917297363,-0.0812554731965065,3.08084964752197,3.73276338397291,4.69886984778768,0.192453181916815,0.132543653142541,0.4541015625,0.716684900874178,6.59505271911621,0.04931640625,2.59040786712948,0.331579118967056,0.384885221719742,0.158264130353928,0.124592676758766
0.0041553080081939,1.03825306992395,1.03826129436493,0.823156893253326,6.87406587600708,0.0232044421136379,3.13781690597534,3.31728477112267,4.1845377902501,0.196539775549365,0.126574630681281,0.44091796875,0.713684493268168,6.60319232940674,0.04931640625,2.59360038076789,0.317066580057144,0.391215980052948,0.170636788010597,0.121029488742352,0.0078348498791456,1.01675224404199,1.01678252220154,0.804670453071594,7.05256938934326,0.0763371735811233,3.14892196655273,3.74739037241404,4.73570215611033,0.221678194466371,0.138367198783771,0.44873046875,0.768919256953333,6.66847801208496,0.04931640625,2.85800085324708,0.281663417816162,0.285535365343094,0.26193505525589,0.170453548431396,-0.0188665557652711,1.02405679325922,1.02423059940338,0.81177031993866,7.45151710510254,-0.0298671908676624,3.25515270233154,3.68465510462169,4.65049792725559,0.216674978638928,0.141517255740512,0.44970703125,0.774146314092676,6.70103740692139,0.04931640625,2.4208570247756,0.322111755609512,0.256010472774506,0.242256596684456,0.179172053933144,0.0003002742305397,0.975705565022064,0.975705623626709,0.772338509559631,6.9829626083374,-0.0295851416885852,3.12701749801636,3.78173548375656,4.77754456812297,0.191697326594503,0.132387048959385,0.45263671875,0.716131170508805,6.60447931289673,0.04931640625,2.39195339372579,0.334222704172134,0.383562386035919,0.157535940408707,0.124215096235275
0.0248967967927455,1.03207814793451,1.03237843513489,0.812676429748535,7.67771434783936,-0.060790229588747,3.36505508422852,4.07292933801826,5.1747946459612,0.196504362775882,0.126756110685877,0.44140625,0.712057991751781,6.60526466369629,0.04931640625,1.98658812950759,0.316752374172211,0.392372816801071,0.167753249406814,0.122842118144035,0.0130927534773945,1.03265082936151,1.03273379802704,0.815255522727966,7.19456768035889,0.116188660264015,3.1810998916626,3.68950937973953,4.6746058351086,0.223487907920459,0.137967977329556,0.44873046875,0.761372033188778,6.65844297409058,0.04931640625,2.02223586516489,0.275347113609314,0.284769356250763,0.265927672386169,0.173885434865952,-0.0057859336957335,0.993051827953888,0.993068695068359,0.78831022977829,7.00550651550293,0.0363052114844322,3.15338230133057,3.62753743003631,4.56999617013653,0.217989706762431,0.140188732803647,0.44921875,0.797057267779403,6.71979093551636,0.04931640625,1.76173892133729,0.31634134054184,0.25802344083786,0.251080632209778,0.174266248941422,-0.0356463491916656,0.98271632294519,0.98336261510849,0.775791883468628,6.4870138168335,-0.0430909991264343,3.14091825485229,3.55055322113598,4.50154848178056,0.192116542801866,0.132153185532262,0.4521484375,0.728502711373639,6.61196517944336,0.04931640625,2.07690415435103,0.331211805343628,0.382941484451294,0.161753922700882,0.123429767787456
0.0233116298913955,1.05599165062769,1.05624890327454,0.825703859329224,8.51911067962646,-0.0694521442055702,3.63050174713135,4.60882224839149,5.89597817753906,0.194598734392119,0.126423574455673,0.44140625,0.702665857417139,6.60087156295776,0.04931640625,1.70529116723873,0.323860228061676,0.394261211156845,0.156661957502365,0.125030562281608,0.031057147309184,1.03923261265619,1.03969657421112,0.815269291400909,9.91445541381836,0.0243692118674516,3.6332528591156,5.77091446009778,7.36007977618483,0.220850870945259,0.13986889984827,0.44970703125,0.760407285854648,6.64997625350952,0.04931640625,1.70239074879868,0.288723170757294,0.274886846542358,0.262626886367798,0.173540979623795,-0.0053518032655119,1.03021788697107,1.03023195266724,0.816751003265381,7.18945837020874,0.0493998825550079,3.07331800460815,3.49668232747214,4.41092102506232,0.216740910332486,0.140931343310517,0.44921875,0.77348917459584,6.7053337097168,0.04931640625,2.05889608239448,0.319022685289383,0.25478732585907,0.2513347864151,0.174786373972893,-0.0368862263858318,0.993936778114868,0.994620978832245,0.788343846797943,7.57356739044189,-0.0352715998888015,3.0992271900177,4.03007975098575,5.08528279248168,0.191754514932541,0.131315005259832,0.45068359375,0.710968966823526,6.58594703674316,0.04931640625,1.62568708592828,0.329062521457672,0.388304948806763,0.156692311167717,0.125820621848106
-0.0001962045207619,1.03947043518884,1.03947043418884,0.818073034286499,8.33785438537598,-0.112948633730412,3.51777601242065,4.62499050555612,5.87668992081363,0.195313103308114,0.127244905528939,0.4404296875,0.71519100424466,6.61199855804443,0.04931640625,2.37889525774147,0.323156118392944,0.387361586093903,0.163070231676102,0.125840753316879,0.0383497029542923,1.05565762619836,1.05635404586792,0.826098680496216,10.7937021255493,0.0778450667858123,3.73173499107361,5.67991386769421,7.26500582313737,0.221503369361671,0.138102571082345,0.4482421875,0.748420285123878,6.64610958099365,0.04931640625,2.80280718398828,0.276476740837097,0.288672834634781,0.265013962984085,0.169612720608711,0.0265549141913652,0.99074000220163,0.991095840930939,0.784738540649414,7.37540912628174,0.145020574331284,3.15125060081482,4.03891908752719,5.1011744236299,0.215636286669262,0.141834237641909,0.44970703125,0.78048554532327,6.69943714141846,0.04931640625,1.75990710927321,0.322413384914398,0.250975519418716,0.253322809934616,0.172629594802856,0.0258920267224311,1.02662301163538,1.02694940567017,0.819757580757141,7.79631900787354,0.0040730163455009,3.02299165725708,3.96006071113767,4.9614157275076,0.191596693519196,0.133211627649199,0.45166015625,0.704305194387497,6.58414268493652,0.04931640625,2.08300234385137,0.333423018455505,0.380700170993805,0.158085495233536,0.127082973718643
-0.008233530446887,1.03990089993341,1.03993344306946,0.816095113754272,8.23154067993164,-0.11175787448883,3.60394930839539,4.43423982853889,5.65107433003523,0.194930571456986,0.125999076221908,0.4375,0.708311561245404,6.60392475128174,0.04931640625,2.55035011684537,0.315596401691437,0.397032797336578,0.167579710483551,0.119075909256935,0.0430301278829574,1.01105666260584,1.01197195053101,0.794610619544983,10.4778652191162,0.146643564105034,3.81996536254883,5.78026196985284,7.36564228704133,0.220471801067989,0.135753248422691,0.44384765625,0.757838325390022,6.66277837753296,0.04931640625,3.69704035920435,0.268957495689392,0.29803329706192,0.273233205080032,0.159189134836197,0.0290380828082561,0.980305434273315,0.98073548078537,0.780639171600342,7.0462760925293,0.207258954644203,3.1110692024231,4.28739909849759,5.387635033868,0.217621857084024,0.141850283974324,0.451171875,0.802834630288758,6.71825790405273,0.04931640625,1.56827677075888,0.313170969486237,0.260062336921692,0.250338226556778,0.176184326410293,0.0158172752708196,0.983657659100128,0.983784794807434,0.780832529067993,7.16418504714966,0.011687982827425,3.18404960632324,3.79863884687461,4.78739277983326,0.191030185386807,0.131489023345639,0.45068359375,0.702752565192576,6.58292388916016,0.04931640625,1.80669658624475,0.32682341337204,0.394639551639557,0.157118946313858,0.12042673677206
0.0025366265326738,1.02999293904169,1.02999603748322,0.808148980140686,8.58181953430176,-0.0525671355426311,3.61353731155396,4.66753338258886,5.94904893482882,0.196174496139445,0.127935962589998,0.44189453125,0.718030637970001,6.60641813278198,0.04931640625,2.59692461134205,0.32081726193428,0.381776332855225,0.17404118180275,0.122526556253433,0.063926562666893,1.01878833870752,1.02079200744629,0.797200202941895,10.8177909851074,0.183730244636536,4.0278525352478,5.87778896225136,7.53428420359272,0.220471530884765,0.13586153274483,0.4443359375,0.763919097409024,6.6722240447998,0.04931640625,3.92596283319397,0.271228820085526,0.294228047132492,0.275599062442779,0.158463478088379,0.0094461049884557,1.01672351460321,1.01676738262177,0.803431630134583,7.52670383453369,0.187460377812386,3.28571224212646,4.38727378475689,5.55401497004836,0.219486287509412,0.142112205681636,0.4501953125,0.791520476874544,6.70951175689697,0.04931640625,1.69605358214982,0.309923887252808,0.253754466772079,0.251656919717789,0.18435275554657,0.0215427856892347,1.03769111733301,1.03791463375092,0.823707818984985,7.79631900787354,0.0531068295240402,3.22356986999512,3.91822396709594,4.94057274274617,0.18944998737942,0.130824761422692,0.44921875,0.69677321991866,6.57642936706543,0.04931640625,2.37679319428767,0.332472175359726,0.391979932785034,0.154622077941895,0.119470775127411
0.009200531989336,1.02438926796777,1.02443063259125,0.805685222148895,8.36655616760254,0.0400533452630043,3.53136777877808,4.48276083931302,5.70111203672719,0.196060539871114,0.127058054605559,0.43994140625,0.720659039397767,6.60462141036987,0.04931640625,2.36740538605171,0.31673926115036,0.385137647390366,0.177367746829986,0.120379641652107,0.065056636929512,1.01658797364099,1.01866745948792,0.80056095123291,8.0577564239502,0.28935980796814,3.54263615608215,4.72950363962444,6.02751822672067,0.220592792403012,0.136267439733958,0.447265625,0.76388147836274,6.6687068939209,0.04931640625,2.14786306521583,0.272852540016174,0.301225036382675,0.26523894071579,0.160503417253494,0.0039895218797028,1.01244080166681,1.01244866847992,0.805142283439636,8.5384407043457,0.156794533133507,3.27855563163757,4.40598819656812,5.54115662058678,0.217951940385554,0.141614620050339,0.45361328125,0.790814248414798,6.71233034133911,0.04931640625,1.42189834731898,0.314895033836365,0.257741928100586,0.250869154930115,0.17602875828743,0.0147331804037094,1.01019477944238,1.01030218601227,0.800146043300629,7.1615047454834,0.038206297904253,3.19587254524231,3.59332834965603,4.53882029220685,0.18867928829779,0.131008387923249,0.44873046875,0.708611272302633,6.59146022796631,0.04931640625,1.90246826312852,0.337046504020691,0.388147205114365,0.155883550643921,0.117645174264908
0.0140518862754106,1.02523303131921,1.02532947063446,0.809712767601013,8.19225215911865,0.0520809739828109,3.46864557266235,4.38552196521342,5.55436860374623,0.194666061910256,0.126255447793349,0.43994140625,0.711661276649823,6.61072206497192,0.04931640625,1.73976044354067,0.319904685020447,0.391546070575714,0.168310403823853,0.120229706168175,0.0594216808676719,1.04653656582697,1.04822218418121,0.827178776264191,8.26875686645508,0.235774174332619,3.31746077537537,4.68297083923138,5.94026261345314,0.222283650808841,0.137997447174701,0.44970703125,0.766371238128428,6.66482448577881,0.04931640625,1.62672546966429,0.27715802192688,0.287364304065704,0.266828209161758,0.168145447969437,-0.0114768212661147,0.983503402279449,0.983570337295532,0.784337162971497,8.16720294952393,0.0076764896512031,3.19985151290894,4.33816171739382,5.44019631610238,0.217201832241371,0.140938200715945,0.453125,0.791692091918574,6.71543455123901,0.04931640625,1.11742394955019,0.316008508205414,0.261628985404968,0.244430899620056,0.177861988544464,0.0070324009284377,1.02165031533105,1.02167451381683,0.806263327598572,7.1615047454834,-0.008823174983263,3.2470428943634,3.55333076988959,4.50364101123077,0.19197386711947,0.131620798154377,0.45068359375,0.718444697765816,6.59875059127808,0.04931640625,1.70640297170786,0.327116250991821,0.387825787067413,0.160114258527756,0.123953625559807
0.022780604660511,1.00476837258203,1.00502645969391,0.795287191867828,8.02213573455811,0.0817448422312736,3.27513408660889,4.25517042912969,5.37888126218822,0.192848032159363,0.128405157763268,0.44091796875,0.727073923047636,6.61610126495361,0.04931640625,1.95153947681032,0.335340946912766,0.376453310251236,0.16290083527565,0.124868348240852,0.0530544258654117,1.03053760628564,1.03190243244171,0.815792560577393,8.04392719268799,0.260662496089935,3.27785181999206,4.78124170292385,6.05567931694576,0.217669927513231,0.140395759140998,0.4521484375,0.755173248168731,6.65098571777344,0.04931640625,2.2952341398753,0.292965441942215,0.285109996795654,0.255261749029159,0.166541412472725,0.0302095711231231,1.01657950978143,1.0170282125473,0.810787379741669,7.7106556892395,0.0284006092697381,3.11724472045898,3.93396808667124,4.93699081787994,0.213234777298537,0.141573979434123,0.451171875,0.778567055031209,6.70126390457153,0.04931640625,1.30340788893286,0.330173373222351,0.248988375067711,0.249880582094193,0.170707702636719,0.0107132717967033,0.994931758450104,0.994989395141602,0.791448712348938,6.34814834594727,0.0030498467385768,3.0688362121582,3.30968554916847,4.16107333423756,0.18931739281782,0.134746459225945,0.4521484375,0.713832243837271,6.59802913665771,0.04931640625,1.20262179661531,0.350105166435242,0.363196760416031,0.156804203987121,0.129548922181129
0.0100953187793493,1.00965798001154,1.00970852375031,0.801477551460266,7.69470071792603,0.101658493280411,3.22876644134521,4.06256350652998,5.11931292311292,0.194548896584324,0.129590071117857,0.44140625,0.71482855278796,6.60122489929199,0.04931640625,2.22239798863839,0.325892031192779,0.375045895576477,0.171819537878036,0.126860097050667,0.0367921106517314,1.02498293022974,1.02564311027527,0.814011454582214,8.02162170410156,0.189374476671219,3.15917825698853,4.61513312747878,5.81591148076792,0.216719878779743,0.138342773730728,0.45068359375,0.752484544482115,6.65180015563965,0.04931640625,3.61644222463151,0.285673588514328,0.303730398416519,0.25279912352562,0.157745569944382,0.0230538882315158,0.987819016979767,0.988088011741638,0.787666320800781,6.93146896362305,0.016137646511197,3.04072523117065,3.79073176862971,4.75922844707255,0.212897951087488,0.141615786341286,0.4501953125,0.787842325458229,6.7077169418335,0.04931640625,1.34422436208865,0.327534675598144,0.252223908901215,0.252788484096527,0.16731071472168,0.0051359375938773,0.972838700817657,0.972852289676666,0.773258566856384,6.01572799682617,0.0261297784745693,3.07098793983459,3.29791928260831,4.14923256499652,0.190160381892813,0.135212558090314,0.45263671875,0.709975998989145,6.59319877624512,0.04931640625,1.41961537864243,0.346424281597137,0.36121392250061,0.164040237665176,0.127797544002533
0.0076420623809099,0.996149183319641,0.996178448200226,0.7947016954422,6.81373310089111,0.0576145723462104,3.08839321136475,3.56502434468557,4.46930874959689,0.19226873471105,0.1291075177182,0.44140625,0.705725842836125,6.59128522872925,0.04931640625,2.25030226992369,0.33692392706871,0.376591354608536,0.162188187241554,0.124000385403633,0.0455137677490711,1.0127717266546,1.01379382610321,0.805100321769714,8.4672679901123,0.268887281417847,3.35589122772217,5.10865737246515,6.43559248511284,0.218711334172582,0.140084927862789,0.455078125,0.759194281646224,6.65142202377319,0.04931640625,3.95422555088078,0.283888399600983,0.297696202993393,0.252109915018082,0.166084736585617,0.041115254163742,1.03037977318628,1.0311998128891,0.818859934806824,7.22011661529541,-0.00367321819067,3.05818176269531,3.70151800768658,4.66182163824431,0.214562092385735,0.142712708248356,0.45068359375,0.788581296176529,6.70847940444946,0.04931640625,1.15766800287676,0.323892831802368,0.248034328222275,0.252027362585068,0.175758242607117,0.0181404650211334,0.970132351921631,0.970301926136017,0.768770813941956,6.17979335784912,0.0756579041481018,3.14053821563721,3.43809940879646,4.33998748484822,0.190568971189736,0.136393085121089,0.45263671875,0.708557916379028,6.58673906326294,0.04931640625,1.58791012503009,0.34852135181427,0.355434238910675,0.166213020682335,0.129348307847977
0.0130056161433458,0.993720472858978,0.993805587291718,0.793606281280518,7.02020978927612,0.0332975089550018,3.0935332775116,3.55968524391966,4.45816979222895,0.189664996020301,0.129537486047344,0.44091796875,0.703199439498862,6.59180355072021,0.04931640625,2.14120119763124,0.346185833215714,0.373412430286407,0.161033421754837,0.119286067783832,0.0408496633172035,1.00500428776605,1.00583410263062,0.795612812042236,8.94281768798828,0.189376935362816,3.47806978225708,4.97153058664624,6.28696288159951,0.215023908255994,0.138522420409132,0.44970703125,0.733052552368057,6.63299703598022,0.04931640625,3.61629832674439,0.290535509586334,0.300600945949554,0.25030705332756,0.158123478293419,0.0244575049728155,1.05830407242639,1.05858659744263,0.834375262260437,7.72452545166016,0.0265138130635023,3.16170597076416,3.92916360179221,4.98699767203882,0.213924698927539,0.143078355457537,0.45068359375,0.784947486827925,6.70366954803467,0.04931640625,1.23313894685456,0.331276953220367,0.241882264614105,0.251218855381012,0.175530761480331,0.0101561658084392,0.980854035423828,0.98090660572052,0.780405282974243,6.23448181152344,0.122468054294586,3.05645155906677,3.45668273868686,4.34526837224824,0.187042883194315,0.133855712032357,0.45166015625,0.705636878633884,6.58027458190918,0.04931640625,1.63994279891535,0.351412922143936,0.36843329668045,0.159535646438599,0.120576232671738
-0.0116847567260265,1.01585412125452,1.01592135429382,0.812148213386536,7.33508682250977,0.0282356403768062,3.15788745880127,3.72071958804702,4.65505683640237,0.191543735718126,0.128572330931791,0.44140625,0.711583195259201,6.58901596069336,0.04931640625,2.10444273409198,0.339836567640305,0.378582775592804,0.161330074071884,0.119919031858444,0.0149553213268518,0.975046397255493,0.975161075592041,0.777360081672668,8.50300598144531,0.152678370475769,3.24536728858948,4.84169762654817,6.07550488044671,0.217732032684949,0.137714937328226,0.44970703125,0.747411596332509,6.64261436462402,0.04931640625,2.09991168770366,0.285091578960419,0.29217654466629,0.262969613075256,0.159742280840874,-0.0040643773972988,1.03792786698206,1.03793597221375,0.818710207939148,8.49245166778564,-0.0740787759423255,3.3109085559845,4.72609826441638,5.99230118917635,0.213896328614726,0.141520805162264,0.4501953125,0.773811546171104,6.69367265701294,0.04931640625,1.38065430230836,0.323223114013672,0.255406230688095,0.251898586750031,0.169338196516037,0.0078685814514756,0.956536532448364,0.956568896770477,0.764532744884491,6.23448181152344,0.101397082209587,2.97911262512207,3.54463012922285,4.43568753143229,0.189774099123538,0.133788931032367,0.451171875,0.699616390571762,6.57189178466797,0.04931640625,1.84109310562776,0.340177476406097,0.372660875320435,0.164536446332931,0.121918730437756
0.0116479229182004,1.00792110066278,1.00798833370209,0.800691485404968,8.10765361785889,-0.0189057663083076,3.40331840515137,4.30164887560747,5.41548807041055,0.189237779000997,0.125933282547372,0.43603515625,0.698504037492137,6.59079074859619,0.04931640625,1.88506401143059,0.343000590801239,0.388129234313965,0.156399786472321,0.11227560043335,0.0271120313555002,0.989916921661926,0.990288138389587,0.78841495513916,8.79124450683594,0.131435498595238,3.29011297225952,4.9293572623077,6.19493797497503,0.216978797085837,0.138921902472117,0.447265625,0.76271365621792,6.66056489944458,0.04931640625,1.89028902972638,0.294322937726974,0.285717070102692,0.252395391464233,0.167333409190178,-0.0247363857924938,0.982303024338318,0.982614398002624,0.780304074287415,8.12321472167969,-0.112918004393578,3.28234672546387,4.8049724030405,6.05188686345913,0.216763144505162,0.144045960498792,0.45361328125,0.780334883669589,6.69315910339355,0.04931640625,1.33298686420294,0.327554196119308,0.245589151978493,0.245030328631401,0.181789845228195,0.0218554437160491,0.967553616570068,0.967800438404083,0.772771716117859,8.01894569396973,0.110065057873726,3.16520023345947,4.82044407097731,6.03800687624645,0.191166760475896,0.133863799635937,0.4521484375,0.699548017013016,6.56841659545898,0.04931640625,1.47921567974837,0.34066915512085,0.375937044620514,0.153410077095032,0.129255622625351
-0.0072791166603565,1.05610299210413,1.05612802505493,0.828885197639465,8.64449405670166,0.0695778429508209,3.66062450408936,4.14467498922415,5.2818180458859,0.192834861685411,0.124691352380636,0.43408203125,0.687560270685856,6.57397508621216,0.04931640625,2.34991470925355,0.320100247859955,0.401638180017471,0.166694462299347,0.111262537539005,0.0182868018746376,0.999794543789459,0.999961733818054,0.798068463802338,7.64803886413574,0.0961601883172988,3.08107757568359,3.90990961172422,4.90034403204859,0.217794683488433,0.138003096399528,0.44580078125,0.760413073145397,6.65666484832764,0.04931640625,3.40557235747343,0.28679758310318,0.29033762216568,0.256734549999237,0.165810853242874,-0.0113121606409549,0.989031733082367,0.989096403121948,0.785862445831299,8.12321376800537,-0.0404759906232357,3.28402495384216,4.74383395634374,5.97182427816943,0.214621415134625,0.143764732159608,0.45361328125,0.786585946400584,6.69937372207642,0.04931640625,1.46089047531063,0.3297119140625,0.251760929822922,0.240013793110847,0.177717551589012,0.0130846304818987,0.970997274921966,0.971085429191589,0.779196500778198,7.80221700668335,0.143395617604256,3.16907572746277,4.67429546704376,5.82655779991209,0.187918120736235,0.133620392553828,0.45166015625,0.695249193579573,6.56651735305786,0.04931640625,1.67336229309682,0.34740537405014,0.377000033855438,0.151975244283676,0.122796759009361
0.0104717034846544,1.0550971041189,1.05514907836914,0.819611251354218,8.64449310302734,0.14016517996788,3.84176206588745,4.10938318705554,5.29125170687256,0.189484677452929,0.124984628967391,0.431640625,0.688772715403745,6.57628440856934,0.04931640625,1.07923765320047,0.33735379576683,0.391493111848831,0.159839361906052,0.111194953322411,0.0135256983339786,0.994092286633087,0.994184255599976,0.794508337974548,8.48927974700928,0.0976599529385566,3.21952104568481,4.71396295513938,5.90054022413258,0.216788666022447,0.141405122680297,0.451171875,0.76012961522428,6.66008996963501,0.04931640625,1.12659383204547,0.307004749774933,0.267710089683533,0.249382436275482,0.1752989590168,-0.0200325287878513,0.986031354473663,0.986234843730926,0.786453783512115,8.12321472167969,-0.0450979545712471,3.18215942382812,4.78733345841779,6.0038961481285,0.21145835966894,0.145139125261126,0.45068359375,0.78698664170646,6.7005205154419,0.04931640625,1.12892007742051,0.343146681785583,0.242604210972786,0.235509634017944,0.178059801459312,-0.0112243015319108,0.95250392060144,0.952570140361786,0.760383009910583,7.80221700668335,0.126375138759613,3.34952139854431,4.72687633154613,5.92219333830722,0.189157544563052,0.134573951015617,0.451171875,0.705009429596296,6.57760047912598,0.025390625,1.01491183347952,0.354030907154083,0.35714727640152,0.166940242052078,0.120941668748855
0.0320939607918262,1.05218517880304,1.05267453193665,0.812331736087799,8.64449310302734,0.141805857419968,3.93789196014404,4.11904320939589,5.3392037490724,0.189845243398123,0.124883056989064,0.43408203125,0.682083763416396,6.57650804519653,0.048828125,1.02427964915388,0.334845900535583,0.394990801811218,0.160281240940094,0.109748512506485,0.0171198546886444,0.977295876549316,0.977445781230926,0.779175758361816,8.79246807098389,0.0592595189809799,3.37332320213318,4.9659268705073,6.23103369558936,0.215211221315595,0.141665554680664,0.453125,0.775734743344078,6.67694425582886,0.048828125,1.02348582400072,0.308908492326736,0.273979812860489,0.245110601186752,0.171494200825691,0.0523427948355674,0.997915984200073,0.999287784099579,0.793559074401855,7.26610469818115,0.0235835034400224,3.0562527179718,3.8197251457979,4.81254749976486,0.215821562710117,0.144662781687334,0.45068359375,0.785035071805446,6.70388031005859,0.01123046875,1.35896236632628,0.331612229347229,0.238671779632568,0.242906332015991,0.186120122671127,0.0230350531637668,0.98680180411203,0.987070679664612,0.779827177524567,8.2480583190918,0.16523514688015,3.54740190505981,4.86137386648717,6.15348937052037,0.186214378253348,0.133696821187,0.447265625,0.694594477328754,6.57540369033813,0.048828125,1.16552080158844,0.364170968532562,0.355506867170334,0.165066301822662,0.114504396915436
-0.0128649054095149,1.06179583172662,1.06187379360199,0.825328946113586,7.75664377212524,0.161982849240303,3.78576946258545,4.1022636364735,5.27848231576747,0.188066454494121,0.124500155275314,0.4296875,0.684216469551574,6.58216714859009,0.048828125,1.64010052892433,0.338453531265259,0.393146544694901,0.163361996412277,0.104963093996048,0.0364333614706993,0.98191511731012,0.982590854167938,0.78355085849762,8.40704536437988,0.118328340351582,3.3646342754364,4.90315064481645,6.14927307342307,0.215323254523866,0.141534574916888,0.4541015625,0.773753255624076,6.67262315750122,0.048828125,1.44614153107603,0.308943182229996,0.275019824504852,0.246275722980499,0.168695226311684,0.0390793308615684,1.00547671418054,1.0062358379364,0.800335705280304,6.77556610107422,0.0740278512239456,3.01852893829346,3.45819447256691,4.34974140599195,0.21144788472879,0.143685952006591,0.44921875,0.775720457176392,6.69534301757812,0.01123046875,1.09844452089358,0.340799272060394,0.239235371351242,0.244829118251801,0.174564063549042,0.0219593066722154,0.992855371044708,0.993098139762878,0.783828496932983,7.7566442489624,0.165925204753876,3.39530515670776,4.39468371464749,5.57272007749591,0.187377301731605,0.133173489436604,0.44873046875,0.708358242405042,6.59152746200562,0.048828125,1.33949585427955,0.357404857873917,0.36016184091568,0.169218853116035,0.112751647830009
-0.0043775085359811,1.01800668339594,1.01801609992981,0.801288723945618,7.33508682250977,0.0254422966390848,3.49550318717956,3.86489889591213,4.91051394338393,0.191162511597779,0.125852154556547,0.4365234375,0.707245471685879,6.60397911071777,0.04931640625,2.29738026605094,0.336895674467087,0.385476738214493,0.164494320750237,0.112980954349041,0.0305228643119335,0.992865980671478,0.993335008621216,0.786859273910522,9.22607040405273,0.208564847707748,3.55446648597717,4.8258669592391,6.09578505196535,0.224631795858707,0.140713221425027,0.4560546875,0.76963716557607,6.66864824295044,0.04931640625,3.26062924440804,0.272886633872986,0.286470293998718,0.258838683366776,0.1808021068573,0.039131723344326,1.00671923260553,1.00747954845428,0.801083862781525,6.51496744155884,0.0639245435595512,2.96776628494263,3.27133874484186,4.11575525549909,0.216476723006737,0.141343860099229,0.44921875,0.779179944462863,6.69474267959595,0.01171875,1.08238815182492,0.317554771900177,0.250009089708328,0.257406204938888,0.174923434853554,0.0550823137164115,1.02996945481165,1.03144121170044,0.810433685779572,7.60909843444824,0.0732267498970031,3.28442215919495,3.84184053080714,4.89341881167736,0.195166656377709,0.133624223396685,0.45166015625,0.718013770223163,6.60635280609131,0.04931640625,2.35506177014525,0.331763565540314,0.366658568382263,0.176644444465637,0.124870538711548
-0.0081923753023147,1.01576960186823,1.01580262184143,0.80413556098938,7.27887916564941,-0.0449838563799858,3.35134983062744,3.67965478556734,4.64882590425608,0.191213884698058,0.12551426119461,0.43798828125,0.70230036313628,6.59250640869141,0.04931640625,2.35546611832158,0.334908872842789,0.389583110809326,0.164046764373779,0.111305885016918,0.0297642070800066,1.00442516903741,1.00486612319946,0.799108147621155,7.10624122619629,0.247445449233055,3.21062040328979,4.38693111361764,5.52172033003548,0.220164195203939,0.138961157389444,0.4541015625,0.75755796993405,6.64884757995605,0.04931640625,3.35307476994677,0.277193874120712,0.298326909542084,0.255837202072143,0.168312549591064,0.0048980684950947,0.970006824539734,0.970019221305847,0.774765491485596,6.19957494735718,0.0590567216277122,2.91976428031921,3.23997718266607,4.05720642801429,0.21676033641404,0.140913674733544,0.44921875,0.780153906100105,6.6920108795166,0.01171875,1.02554917949907,0.316888391971588,0.244925856590271,0.267079293727875,0.170683205127716,0.0520564876496791,1.0337553034292,1.03506517410278,0.816854357719421,7.8198766708374,-0.0167865380644798,3.26306962966919,3.97093641312613,5.03390747096283,0.194292663047082,0.132997902020262,0.4521484375,0.723072425921121,6.60761165618896,0.04931640625,2.45430160651158,0.329439640045166,0.38014280796051,0.162427648901939,0.127901047468185
-0.0181654263287782,0.979005099342896,0.97917366027832,0.780275344848633,6.85071039199829,-0.0116270799189805,3.16186356544495,3.56574315576228,4.47579883158518,0.191534007257607,0.126565456140992,0.4375,0.707788683965852,6.59648418426514,0.04931640625,3.37626950704423,0.337796539068222,0.382373332977295,0.166042193770409,0.113452382385731,0.0354014709591865,0.989723981426788,0.990356862545013,0.787496566772461,6.93288040161133,0.172032728791237,3.0765540599823,4.10867945171376,5.17324375114594,0.222527474205544,0.136950184704907,0.45166015625,0.75994913528082,6.65871906280518,0.04931640625,3.62931533087745,0.260981976985931,0.31209534406662,0.259115427732468,0.167727008461952,0.0197744816541671,0.973916173981262,0.974116921424866,0.779340624809265,6.09911918640137,0.0652607753872871,2.88420605659485,3.22634796159271,4.03309103954018,0.218853021630219,0.142337642649562,0.45068359375,0.794480872650561,6.70879364013672,0.01171875,1.0803262929965,0.313700616359711,0.247614830732345,0.26087760925293,0.177078917622566,0.0177747271955013,1.01705503563745,1.01721036434174,0.80574369430542,7.16150426864624,-0.0896086245775222,3.26887893676758,3.86145939977208,4.87636609094272,0.193725808956463,0.132982728373797,0.45263671875,0.723108853268313,6.61411905288696,0.04931640625,2.92053831914563,0.327814519405365,0.382772147655487,0.164161145687103,0.12521056830883
0.0041470071300864,1.01362204651697,1.01363050937653,0.809059679508209,7.22668647766113,7.77598470449448e-05,3.13081884384155,3.65302390610084,4.57678345652377,0.193406727477559,0.125317279509464,0.43798828125,0.698360846793194,6.58081722259521,0.04931640625,3.00255572023224,0.324059069156647,0.396699368953705,0.164644971489906,0.1142268627882,0.0358814448118209,1.00308036904199,1.00372195243835,0.800606608390808,7.167893409729,0.162917137145996,3.04199743270874,4.19139293368631,5.2613265309269,0.22401877791544,0.136824093260456,0.453125,0.770939916366588,6.66205549240112,0.04931640625,3.4092330831757,0.258151978254318,0.309889197349548,0.263113141059875,0.168752074241638,0.0050475019961595,0.981814683483673,0.981827676296234,0.783613801002502,6.15839338302612,0.0665263831615448,2.90381193161011,3.27059666678273,4.09850806824256,0.219579772153083,0.141096690159527,0.45166015625,0.778754217184953,6.69417476654053,0.01171875,1.17678180837734,0.309671700000763,0.254694581031799,0.25799822807312,0.177001819014549,-0.0345711335539817,1.00902891259058,1.00962090492249,0.808343529701233,7.06231451034546,-0.15319362282753,3.14959669113159,3.92978439186864,4.90850512823296,0.193281317442082,0.134012107220148,0.45263671875,0.721619848987676,6.6083288192749,0.04931640625,2.82554137472451,0.334139764308929,0.374072790145874,0.163575917482376,0.128033205866814
0.0255719684064388,1.02382278542383,1.02414202690125,0.807784974575043,7.82690334320068,0.126653417944908,3.34740543365479,3.99270828602755,5.06383705041287,0.193862672010194,0.124872409465868,0.4375,0.713508274880912,6.60762500762939,0.04931640625,3.63631147821087,0.322628676891327,0.396330535411835,0.164047002792358,0.116837434470654,0.0294788256287574,0.994017244385315,0.994454264640808,0.793187737464905,7.20218944549561,-0.0016945004463195,3.08875918388367,3.8166056009706,4.78730400264183,0.221637510567543,0.134794963008866,0.4482421875,0.768172398132761,6.66408491134644,0.04931640625,3.45662149913162,0.261766850948334,0.313755452632904,0.265594124794006,0.158642560243607,0.00374445784837,0.985578955219818,0.985586106777191,0.787513732910156,6.40766143798828,0.0293152332305908,2.91714525222778,3.25812458534169,4.07801201915863,0.218157027073726,0.142870788121385,0.45263671875,0.790129008736074,6.70746898651123,0.01171875,1.14958056662995,0.318912923336029,0.246755838394165,0.258013248443604,0.175788283348083,-0.0327888205647468,0.99429053168161,0.994831025600433,0.797846794128418,7.06231451034546,-0.137002915143967,3.22702980041504,3.98820741584291,4.97407315246671,0.194532037279332,0.132705156837062,0.45166015625,0.725342508846246,6.60489845275879,0.04931640625,2.358985581884,0.324094474315643,0.384113609790802,0.166793167591095,0.124797746539116
0.0273138359189033,1.04890203575952,1.04925751686096,0.825471997261047,8.16720294952393,0.131351873278618,3.36782288551331,4.06657766594451,5.17086490588293,0.195697347595741,0.126301769724871,0.439453125,0.722680414764516,6.61499786376953,0.04931640625,2.75732924494358,0.320521891117096,0.383848816156387,0.177014112472534,0.118357762694359,0.0230822749435901,1.00132954220636,1.00159549713135,0.79639744758606,7.32636547088623,-0.0190535932779312,3.16874837875366,3.85472801779199,4.8484779573311,0.224351836986244,0.135483979564855,0.44873046875,0.765134488129096,6.67757415771484,0.04931640625,2.82098695246258,0.254873931407928,0.311117470264435,0.267680823802948,0.166209548711777,-0.0179940089583396,1.00964510540826,1.00980544090271,0.808233857154846,6.66826057434082,-0.0066060572862625,2.86102199554443,3.30934537385206,4.13522733472553,0.21524885971327,0.143645338740453,0.4521484375,0.784878682794903,6.699875831604,0.01171875,1.39867741431371,0.329051375389099,0.248181775212288,0.248765617609024,0.173900440335274,0.0114688165485858,1.00142693619592,1.00149261951447,0.794347286224365,7.89550876617432,-0.0184601843357086,3.34062623977661,4.15976328480438,5.24526245358941,0.195785778154125,0.132451149623667,0.4521484375,0.720418538686333,6.60808563232422,0.04931640625,1.76476019654601,0.31774628162384,0.386340320110321,0.16955840587616,0.126301527023315
0.0304425749927759,1.02741229634149,1.02786326408386,0.807676553726196,8.16720294952393,0.147093445062637,3.4199104309082,4.15122062720048,5.2860287171261,0.194983434848421,0.127734940677241,0.439453125,0.724695346549813,6.61764907836914,0.04931640625,2.14993377496927,0.326318383216858,0.375377178192139,0.178953975439072,0.11921015381813,0.0121254790574312,0.967155278729034,0.967231273651123,0.774215221405029,7.3900728225708,0.0288984104990959,3.15229511260986,4.04458199047337,5.05291820913069,0.221327978844954,0.138281886443753,0.44970703125,0.763282705831374,6.65951442718506,0.04931640625,2.8373265718638,0.276695311069489,0.293381154537201,0.26288378238678,0.166480213403702,-0.0070808455348014,1.00795984368188,1.0079847574234,0.804272174835205,6.23170757293701,0.025334732607007,2.89751243591309,3.17117825539986,3.9744686459155,0.210557757489294,0.144043133843034,0.4501953125,0.774121196057569,6.67409706115723,0.01171875,1.18935147397175,0.343360185623169,0.248353689908981,0.236757516860962,0.171510130167007,0.0509025901556015,0.995203078793121,0.996504008769989,0.793690919876099,7.81615829467773,0.111284948885441,3.23463821411133,4.24031036213216,5.3258449399008,0.193187732102396,0.135354581605892,0.4541015625,0.71769546923197,6.61153030395508,0.04931640625,1.96116748310811,0.335818201303482,0.369837194681168,0.162734672427177,0.131297439336777
-0.013775061815977,1.02175176243646,1.02184450626373,0.806719660758972,8.09388828277588,0.0634868294000625,3.22793555259705,4.13262336222204,5.23552690696906,0.195905793607358,0.129342569850864,0.44482421875,0.733099745635917,6.62074756622314,0.04931640625,3.29230085225151,0.328484117984772,0.36297470331192,0.18410424888134,0.124398529529572,0.000926618464291,0.997524918125702,0.99752539396286,0.79534375667572,7.39653444290161,0.06313157081604,3.24301981925964,3.83923634952973,4.81527245753103,0.223287075936864,0.136661924553105,0.4482421875,0.759206273867261,6.66281795501709,0.04931640625,3.03269301726105,0.26306277513504,0.298175126314163,0.274704456329346,0.163281962275505,0.0282478556036949,1.00638473133905,1.00678110122681,0.802148818969727,7.34913873672485,0.049951434135437,3.01150751113892,4.25695980344189,5.34332438376533,0.209957627988902,0.144033494128244,0.44921875,0.766530505977094,6.65684080123901,0.01171875,1.21689681144066,0.342596888542175,0.248243302106857,0.240794166922569,0.167998686432838,0.008475687354803,1.01625406842096,1.01628935337067,0.806377351284027,7.81615734100342,0.126311600208282,3.25340580940247,4.09919892883102,5.16755439641198,0.197888153916632,0.135954545159775,0.455078125,0.727625473051274,6.61735439300537,0.04931640625,2.39171834968738,0.323902666568756,0.365188300609589,0.175781577825546,0.134735241532326
-0.0038011586293578,0.991542101906372,0.991549372673035,0.795730233192444,6.75895977020264,0.0278022401034832,2.97538280487061,3.74131561412637,4.66233222134865,0.197252569456457,0.129202359745985,0.4453125,0.72102650252893,6.60953283309937,0.04931640625,3.26702228295815,0.3202303647995,0.37077608704567,0.18110965192318,0.127879470586777,-0.0005831029266119,0.971455753849579,0.971455931663513,0.780335128307343,6.47953414916992,0.106420710682869,3.03425979614258,3.55122065544771,4.42100052556513,0.220561226937859,0.137394245995531,0.4482421875,0.766743712934054,6.66163682937622,0.04931640625,3.03191073179797,0.276121973991394,0.292089253664017,0.272214233875275,0.158183515071869,0.0170988515019416,0.998377622173859,0.998524010181427,0.797552704811096,7.6258749961853,0.0459869056940078,3.02953553199768,4.20456681355614,5.26482570263629,0.208521100789286,0.143504672347462,0.44873046875,0.770487957029719,6.66343593597412,0.01171875,1.19531782983436,0.345556527376175,0.254582405090332,0.232242465019226,0.167003810405731,0.0053353188559412,1.00811946492059,1.00813364982605,0.796432197093964,7.20741558074951,0.160324603319168,3.24597239494324,4.0142937545127,5.08230650909775,0.197911408947824,0.134492356133207,0.455078125,0.726072304108527,6.61103343963623,0.04931640625,2.25949379281636,0.320617198944092,0.372540056705475,0.174102872610092,0.131881520152092
0.0060310466215014,0.989605010555817,0.989623308181763,0.794801354408264,7.13836050033569,0.0214355401694774,3.00656223297119,3.74859718792132,4.66776603478722,0.195650502726917,0.128044795310243,0.439453125,0.719369189514243,6.61101722717285,0.04931640625,2.41110011221475,0.320139646530151,0.377681314945221,0.179598093032837,0.122067615389824,0.0344189442694187,0.983076573418213,0.983678936958313,0.787062764167786,7.14502906799316,0.143189325928688,3.1201012134552,3.66084357790775,4.57928123065888,0.218123097238127,0.138080758257178,0.44775390625,0.756227713796731,6.64829206466675,0.04931640625,2.76140367874017,0.28414723277092,0.287599503993988,0.272027283906937,0.154009595513344,0.0019954219460487,0.983027339981628,0.983029425144196,0.783957660198212,7.32682132720947,0.0349451005458831,3.07847738265991,4.07644857728994,5.11194405192366,0.210923676023848,0.142396826572971,0.4482421875,0.769402332815792,6.66577434539795,0.01171875,1.3166764025826,0.332006573677063,0.259918332099914,0.240885198116302,0.166622906923294,-0.0067127551883459,1.01602304081781,1.01604521274567,0.806786775588989,7.45907402038574,0.102898962795734,3.15195631980896,3.9439863252046,4.96735225599451,0.197382954785384,0.13421217800228,0.45458984375,0.718852177880139,6.61990547180176,0.04931640625,2.23928833421677,0.321777552366257,0.374987423419952,0.171864360570908,0.130794629454613
0.006607842631638,0.999216080711914,0.999237895011902,0.804136157035828,6.90276718139648,-0.0029058530926704,2.96688556671143,3.5042825757397,4.35513014495801,0.195129784712293,0.126075747223216,0.43896484375,0.712333454858873,6.60630798339844,0.04931640625,2.83583897419276,0.314188867807388,0.390477150678635,0.177538692951202,0.117134876549244,0.0641803592443466,1.02898466687067,1.03098428249359,0.817891120910645,7.52779817581177,0.170768618583679,3.22053146362305,3.70335350544064,4.67421687155232,0.219810167673032,0.136608678718728,0.44677734375,0.764488280437323,6.65828990936279,0.04931640625,2.6330974055183,0.278021574020386,0.291421413421631,0.275559395551682,0.153074979782104,-0.0053299479186534,0.990288139389587,0.990302443504334,0.788426101207733,7.6258749961853,0.0501071661710739,3.14984607696533,4.21167366572656,5.29045540589596,0.214603649322683,0.141123339890688,0.44970703125,0.781556969728113,6.68246650695801,0.01171875,1.48126888327548,0.318724244832992,0.262141644954681,0.249649971723556,0.1686070561409,-0.0006175180897116,1.04676604370935,1.04676628112793,0.821452498435974,7.52478694915771,0.0627291351556778,3.26467657089233,3.68491404640984,4.69571729789877,0.198912803569408,0.132963860465093,0.4541015625,0.721746811407406,6.61766815185547,0.04931640625,1.99403826281454,0.313299834728241,0.383977472782135,0.171363517642021,0.131227687001228
0.0658472180366516,1.00982689957483,1.01197147369385,0.806712508201599,7.70641613006592,0.132274508476257,3.16489434242249,4.29687294899527,5.395142984807,0.193305609817077,0.126547693400575,0.439453125,0.707785514477932,6.59814977645874,0.04931640625,2.60849512758065,0.321924567222595,0.391169190406799,0.172049641609192,0.114160142838955,0.0487660095095634,1.0034214268194,1.00460577011108,0.801023125648499,7.40735340118408,0.126387774944305,3.09441423416138,3.6926912249157,4.63743557153701,0.21625186291688,0.140342497587241,0.4501953125,0.757416748107217,6.65093898773193,0.04931640625,2.24595748035809,0.299602627754211,0.282758682966232,0.258841574192047,0.15684100985527,-0.0182098280638456,0.985116065548492,0.985284328460693,0.785449147224426,6.95568561553955,0.0125092417001724,3.04325246810913,3.55117841221427,4.45598602602339,0.214127898743013,0.141520759096358,0.44873046875,0.775396488220033,6.68854808807373,0.01171875,1.63228063377398,0.32149338722229,0.264696836471558,0.242887765169144,0.170580387115478,0.0087719708681106,1.04704558949335,1.04708230495453,0.821602404117584,7.47292900085449,0.0957773178815841,3.26216435432434,3.578678261883,4.56171162729697,0.194103477341137,0.134026262148942,0.45458984375,0.711437302518197,6.60023164749146,0.04931640625,2.15211112434999,0.329154849052429,0.382210910320282,0.157866135239601,0.130127385258675
0.0043094642460346,1.02350676159723,1.02351593971252,0.81274688243866,7.70641613006592,0.0782513320446014,3.20911359786987,4.20634451014709,5.29769377250964,0.193761547219264,0.125522413916574,0.43798828125,0.701217143260365,6.58921670913696,0.04931640625,2.7408002859852,0.316408753395081,0.395988255739212,0.175650060176849,0.111472994089127,0.0652860105037689,1.01653981308801,1.01863408088684,0.806879758834839,9.05744743347168,0.120434924960136,3.35157632827759,4.48135161004485,5.66551130065729,0.221449827307074,0.140823014891243,0.45166015625,0.753824451447477,6.64716815948486,0.04931640625,2.72544863087678,0.28178608417511,0.283400893211365,0.264619380235672,0.168534532189369,0.0173920150846242,1.00747919182642,1.00762939453125,0.800233721733093,6.83101320266724,0.0710671842098236,3.04394674301147,3.50358350589662,4.41263368205314,0.216282220127623,0.143283088504391,0.4501953125,0.777093954293215,6.68396472930908,0.01171875,1.41184603259057,0.321436524391174,0.25373300909996,0.246847361326218,0.177251249551773,-0.0132705168798565,0.967492760227753,0.967583775520325,0.769095897674561,7.08215236663818,0.0898530334234237,3.09850168228149,3.75197176882105,4.72091534578435,0.194215661093195,0.134213178293939,0.45556640625,0.713098451167978,6.59400701522827,0.04931640625,2.36185212514001,0.326530456542969,0.386975079774857,0.154547870159149,0.130943849682808
0.0393509641289711,1.02878451447351,1.02953672409058,0.811848759651184,8.23894119262695,0.123313568532467,3.39832496643066,4.46622357544881,5.6648634079364,0.191754509907362,0.126568223478902,0.44091796875,0.712170183116617,6.59858226776123,0.04931640625,3.93443547592674,0.336335569620132,0.380449891090393,0.16977921128273,0.113341316580772,0.039332740008831,1.03365576367242,1.03440392017365,0.821063697338104,9.05744743347168,0.142135247588158,3.23521089553833,4.43631909324593,5.59097765489208,0.222527220045757,0.140580547005613,0.45263671875,0.768311857722179,6.66107130050659,0.04931640625,2.91451042866151,0.282128691673279,0.279448688030243,0.267044275999069,0.1708704829216,0.0128966905176639,1.03665590386255,1.03673613071442,0.821199774742126,6.80622482299805,0.0642776638269424,3.01983618736267,3.38602835460877,4.27612005082084,0.216960948866181,0.143639010220452,0.45166015625,0.784759608698353,6.69529581069946,0.01171875,1.19485758464155,0.322301149368286,0.254536211490631,0.241777062416077,0.180818542838097,-0.0133589077740907,1.02938723664148,1.02947390079498,0.816655039787292,6.85029602050781,0.103403799235821,3.08053684234619,3.74681064725968,4.72412832063952,0.190904889358465,0.133384182929854,0.4521484375,0.712083825740382,6.59994411468506,0.04931640625,2.59012245707842,0.338309586048126,0.379540860652924,0.157978475093841,0.123744517564774
-0.0015679541975259,1.028111578034,1.02811276912689,0.806398987770081,8.32849407196045,0.150562077760696,3.47345900535583,4.47823654099472,5.70964839530757,0.19310840995526,0.126293801143668,0.4423828125,0.710406048388305,6.60447263717651,0.04931640625,3.12043008359739,0.329649120569229,0.385571599006653,0.170485466718674,0.11388736218214,-0.0012719421647489,0.973302007721497,0.973302841186523,0.778100669384003,8.74512100219727,0.10951392352581,3.20701694488525,4.58808257953702,5.73912288828131,0.224203162884891,0.141033158478398,0.45556640625,0.760360152249579,6.65489864349365,0.04931640625,3.29727772563806,0.277589321136475,0.281958043575287,0.262035489082336,0.177628576755524,0.0067963963374495,1.02508223156793,1.02510476112366,0.812237977981567,6.80622482299805,0.0475082658231258,3.0437593460083,3.42444798613565,4.32314445651309,0.216996736668992,0.143355039036071,0.45361328125,0.791101226440596,6.70105981826782,0.01171875,1.20227442189648,0.322762340307236,0.253219723701477,0.242330372333527,0.180843561887741,0.0318740457296371,1.05581271748407,1.05629372596741,0.838164925575256,8.38897895812988,0.162647068500519,3.26390647888184,5.06844840536261,6.38938810759398,0.192922475877495,0.131695926818167,0.45166015625,0.7173352512322,6.60078048706055,0.04931640625,2.87822310536133,0.324845016002655,0.391423285007477,0.15943717956543,0.124014005064964
0.0143038891255855,1.03579652409418,1.03589534759521,0.814152836799622,8.70706272125244,0.0656481757760047,3.47962045669556,4.6910137450515,5.96875916597303,0.195266213134708,0.1272956626687,0.4423828125,0.722109262864106,6.62189054489136,0.04931640625,2.38656846468127,0.324721425771713,0.380256146192551,0.174879312515259,0.119805030524731,0.0153437657281756,0.99003142218454,0.990150332450867,0.785454750061035,9.05744743347168,0.150793880224228,3.40849089622498,4.67108781234155,5.88942035805363,0.228664804817757,0.137188363879481,0.453125,0.772456723507936,6.67146301269531,0.04931640625,3.24013643760636,0.256881773471832,0.29086571931839,0.278894245624542,0.173138618469238,0.0413323119282722,1.03637445072992,1.03719830513,0.819748342037201,6.93761920928955,0.102313615381718,3.13719367980957,3.54568704295157,4.48937959111125,0.220099283604815,0.141933910538193,0.4541015625,0.782050917976676,6.70110130310059,0.01171875,1.03098529775774,0.31348991394043,0.246684059500694,0.256534785032272,0.1819948554039,0.0080894408747553,1.03543126683099,1.03546285629272,0.818106710910797,8.59975624084473,0.139549434185028,3.37092304229736,5.17041265008791,6.54593049313495,0.196329751560132,0.129206582716298,0.451171875,0.719249446292252,6.60891628265381,0.04931640625,2.52985927824488,0.307859718799591,0.39710795879364,0.174454122781754,0.12042123824358
0.0145583767443895,1.05439746479852,1.0544980764389,0.817639648914337,9.50418853759766,0.0121151357889175,3.78269529342651,4.60825811128766,5.94351389006589,0.191338688691086,0.12877882417129,0.43896484375,0.72348213035736,6.6176176071167,0.04931640625,2.3302278458694,0.343980133533478,0.368261456489563,0.168847173452377,0.118498519062996,0.0077212182804942,0.999796689556671,0.999826490879059,0.792854905128479,7.25702095031738,0.251640528440475,3.17601346969604,4.44741453821096,5.60871467709594,0.223869151562455,0.138004201912941,0.45263671875,0.771364563733802,6.68447923660278,0.04931640625,2.69562687527907,0.271937757730484,0.289724230766296,0.271232753992081,0.166327118873596,0.0230538733303546,0.978125811623169,0.97839742898941,0.778788149356842,6.59161424636841,0.0804571956396102,3.00521516799927,3.55659071625552,4.47049769220485,0.215794590212904,0.143034518485166,0.45458984375,0.799994204124053,6.71870088577271,0.04931640625,1.00168579367066,0.331808537244797,0.243127048015594,0.244895443320274,0.179384708404541,0.0175374150276184,1.04759633641107,1.04774308204651,0.816484332084656,9.31640338897705,0.0834323391318321,3.55713367462158,5.10981207384867,6.5593022493955,0.192623795451251,0.132370419090254,0.4521484375,0.710300427963549,6.60686683654785,0.04931640625,1.5839540964798,0.329775631427765,0.372556388378143,0.175578221678734,0.122076518833637
-0.0327980853617191,1.02164161305292,1.02216792106628,0.805789709091187,8.78304290771484,-0.09738440066576,3.39396858215332,4.41821264923931,5.60701863648475,0.194535761083271,0.129028245636499,0.43994140625,0.726457069449146,6.61744260787964,0.04931640625,2.94568348771458,0.32827216386795,0.376186311244965,0.173671424388885,0.121510811150074,-0.004957765340805,0.967524529503418,0.967537224292755,0.771411418914795,7.20259761810303,0.214770644903183,3.13822770118713,4.43169942756783,5.55881068947673,0.219919837327502,0.13842135691793,0.45263671875,0.757558015132075,6.65423774719238,0.04931640625,4.04338197563348,0.280763924121857,0.297682493925095,0.256255745887756,0.165203019976616,0.0190194454044103,0.973268271492554,0.973454117774963,0.777084708213806,6.59161424636841,0.164704769849777,2.98163843154907,3.57465149018803,4.48053670821307,0.214630902766568,0.141515823461779,0.45361328125,0.791276182650563,6.71635150909424,0.04931640625,1.34574846766203,0.328271269798279,0.250129908323288,0.251372873783112,0.169345647096634,0.03465286642313,1.0578453550802,1.05841290950775,0.828238844871521,9.31640338897705,0.0493068136274814,3.50914406776428,5.0583002180823,6.46562723252612,0.193685311439047,0.131978620155821,0.44921875,0.724508824227867,6.61453151702881,0.04931640625,2.11510743461005,0.32169982790947,0.378096371889114,0.17857064306736,0.121555298566818
-0.0223403219133615,1.02286231617792,1.02310633659363,0.8082634806633,8.41708278656006,-0.15131764113903,3.4312744140625,4.20276802054901,5.32291456149137,0.194581737790882,0.12839645873916,0.43701171875,0.711754589260869,6.60031223297119,0.04931640625,3.78247098454046,0.32239955663681,0.387012243270874,0.167982161045074,0.122600823640823,-0.0048996685072779,0.990853668259216,0.99086582660675,0.789321064949036,7.07623624801636,0.214964658021927,3.08649468421936,4.23949994669583,5.32201128988082,0.222482814232403,0.1379703573813,0.451171875,0.761094362558411,6.65034055709839,0.04931640625,4.91535767241672,0.272533297538757,0.294360965490341,0.265116989612579,0.167646273970604,0.0170433968305587,0.987177134560181,0.987324237823486,0.786735415458679,6.88287162780762,0.0579819753766059,3.01110076904297,3.60206469450954,4.52084198855458,0.214711555725327,0.141126691790734,0.45166015625,0.794370986050967,6.71499729156494,0.04931640625,1.35686320835567,0.325162529945373,0.256168007850647,0.246976688504219,0.171205371618271,-0.0193148963153362,0.983627260731293,0.983816862106323,0.779950201511383,6.92344903945923,-0.0549949407577514,3.18121480941772,3.85137819809878,4.85971321797623,0.197595951229997,0.131573350528342,0.45166015625,0.71938702868882,6.60805749893188,0.04931640625,2.01667423282475,0.310432910919189,0.379771649837494,0.184331119060516,0.125375539064407
-0.0043843640014529,1.02202189068658,1.02203130722046,0.809953570365906,8.41708278656006,-0.134289219975471,3.38400626182556,4.20718872570194,5.30961068550046,0.193149344016676,0.127050996278778,0.43359375,0.71366142926599,6.60218620300293,0.04931640625,3.95170605316786,0.327654898166656,0.385003447532654,0.168605476617813,0.118580155074596,-0.0153967011719942,0.997738243149353,0.997856974601746,0.799720168113708,6.69672966003418,0.148551970720291,2.94286775588989,3.765947390156,4.69987352826288,0.220598903892124,0.138162012025246,0.451171875,0.770784077155904,6.66002178192139,0.04931640625,5.04405243331425,0.279019415378571,0.293258905410767,0.262079477310181,0.16558438539505,0.0125523824244737,0.984720707939697,0.984800696372986,0.785889148712158,6.80622482299805,0.0182625204324722,2.96200823783875,3.61129494748177,4.52575107270664,0.214153988463602,0.141822599783824,0.45166015625,0.799235054768489,6.71905708312988,0.04931640625,1.50305026523169,0.327587068080902,0.2602179646492,0.239674419164658,0.172350600361824,-0.0126693472266197,1.03819191555841,1.03826928138733,0.822647392749786,7.41939783096313,-0.049124926328659,3.22936320304871,3.87747820028641,4.8954134446629,0.197211375862326,0.132723555668827,0.45166015625,0.711697594090921,6.60515785217285,0.04931640625,2.29647896448483,0.314534544944763,0.378034114837646,0.179963111877441,0.127174854278564
-0.0051391031593084,0.993960977600647,0.993974208831787,0.796678781509399,7.20862007141113,-0.131021752953529,3.12924575805664,4.08561559472196,5.09808201705722,0.196979039187719,0.126005486864731,0.435546875,0.702059981736087,6.59368515014648,0.04931640625,3.63577439147511,0.309535056352615,0.392676800489426,0.178531229496002,0.119023889303207,0.0158257037401199,0.980269492672516,0.980397284030914,0.788552701473236,7.47856426239014,0.170772284269333,3.06283855438232,4.70721094302884,5.85275768225337,0.220428558858064,0.137388589674446,0.451171875,0.766894003505153,6.65960788726807,0.04931640625,5.68808008927572,0.275590240955353,0.300700485706329,0.258607000112534,0.164475113153458,0.0032859165221452,0.972267390297485,0.97227293252945,0.774188160896301,6.85221290588379,-0.0350061208009719,3.05047965049744,3.70512614447496,4.65324016753018,0.217413074627798,0.14036978621953,0.4501953125,0.79445433497031,6.71554899215698,0.04931640625,1.39430958186455,0.317971467971802,0.251066744327545,0.260226368904114,0.170530438423157,-0.0125055629760026,0.97021073202951,0.970291316509247,0.779532313346863,6.78344964981079,-0.0435347557067871,2.95345592498779,3.7934919804747,4.7230531734497,0.19674459508526,0.130228670811374,0.451171875,0.720308639824894,6.60401058197021,0.04931640625,2.57513859407385,0.303182154893875,0.40176248550415,0.171510502696037,0.123352274298668
-0.0062715010717511,1.03152787785394,1.03154683113098,0.813270449638367,8.20869636535645,-0.0153103917837142,3.38993549346924,4.02056477402031,5.09992674500136,0.197174166773071,0.123627697153896,0.4375,0.687684906256728,6.58033895492554,0.04931640625,2.52731002152534,0.303126901388168,0.406936824321747,0.176456481218338,0.113177917897701,0.006686795502901,0.992470563458038,0.992493152618408,0.795027613639832,7.61210966110229,0.173750698566437,3.15594458580017,4.73287517737957,5.90869739749188,0.223360145577338,0.137305449246085,0.4521484375,0.77086754540083,6.66918849945068,0.04931640625,3.06147494427899,0.271954357624054,0.293162196874618,0.264955013990402,0.169773742556572,-0.0044539612717926,1.00198364357813,1.00199353694916,0.797144889831543,7.06609344482422,-0.0462651029229164,3.09640789031982,3.76642799294934,4.73514360670241,0.221548626318913,0.139843134587352,0.4501953125,0.791080523452041,6.71795558929443,0.04931640625,1.35425283895232,0.307136476039886,0.249146103858948,0.26725447177887,0.176441252231598,-0.008950337767601,0.985740960644318,0.98578155040741,0.791551172733307,6.92344856262207,0.0088932961225509,2.94943332672119,3.78332985279507,4.71173334105385,0.195962916531284,0.129518146761949,0.45166015625,0.704153328204989,6.59432792663574,0.04931640625,2.12986560311772,0.306576371192932,0.404057562351227,0.166859462857246,0.121983006596565
0.0051853656768798,1.00945627789362,1.00946950912476,0.801098465919495,7.39069652557373,0.0560655519366264,3.1787052154541,4.02319779706517,5.07045962463598,0.194326541116257,0.124373525373371,0.43798828125,0.694011769033426,6.58205699920654,0.04931640625,2.50168041708603,0.316562622785568,0.397525817155838,0.174309805035591,0.111154749989509,0.025054320693016,1.01055157284601,1.010861992836,0.811472952365875,7.89404010772705,0.155760645866394,3.16990089416504,4.85604756749358,6.05088136075941,0.221908209443199,0.138278830868245,0.4541015625,0.766833266783685,6.66164255142212,0.04931640625,3.43836213301174,0.278039753437042,0.290740370750427,0.265869289636612,0.164806574583054,-0.0104683581739664,0.994360149906708,0.99441522359848,0.791519641876221,7.06609344482422,-0.0441347882151603,3.13070154190063,3.79513146694821,4.76925681515402,0.21881612924407,0.140764676323843,0.44970703125,0.796365513161665,6.71496534347534,0.04931640625,1.77958412866202,0.317854523658752,0.246705532073975,0.260473549365997,0.174887180328369,0.0452359840273857,0.972709537552429,0.973760783672333,0.777255415916443,7.0821533203125,-0.0066572120413184,3.11042261123657,3.93189714106136,4.928479276426,0.192134043677981,0.132315752293988,0.45263671875,0.708097516007382,6.59329891204834,0.04931640625,2.45647657121175,0.330365151166916,0.385917365550995,0.158345744013786,0.124793313443661
-0.0047068353742361,1.01441359619959,1.01442456245422,0.802929520606995,7.89716196060181,-0.0073595345020294,3.24600887298584,3.92013852187298,4.95303180121438,0.194837677537498,0.12473277540108,0.4404296875,0.696903762105863,6.58204460144043,0.04931640625,2.519387584124,0.312094420194626,0.399999618530273,0.177215456962585,0.110365249216556,0.0276068747043609,0.986759306000305,0.987145364284515,0.789582848548889,8.37788391113281,0.178467363119125,3.28090143203735,4.71099403195767,5.89315879238335,0.226232287780608,0.138991922479181,0.45556640625,0.772566503043792,6.66736507415771,0.04931640625,4.53505257815084,0.270360499620438,0.282056182622909,0.270822644233704,0.176553517580032,-0.0095352241769433,1.0070629129873,1.00710809230804,0.802760362625122,7.09821224212646,-0.0298129543662071,3.10002899169922,3.7473003495482,4.70174466264526,0.222396980128469,0.139316410883749,0.44970703125,0.784731925163225,6.71187877655029,0.04931640625,1.73334350726558,0.300246953964233,0.25674444437027,0.265162050724029,0.177731990814209,0.0381454527378082,1.00926613907678,1.00998675823212,0.812961459159851,6.82425880432129,0.0269093345850706,2.87861967086792,3.79086827970358,4.71349209036834,0.191129859927416,0.130109857079202,0.45166015625,0.707363842663672,6.58958196640015,0.04931640625,2.637613488107,0.324126213788986,0.398417890071869,0.159691646695137,0.116900183260441
-0.0062712077051401,1.0310138473974,1.03103291988373,0.818877935409546,7.89716196060181,0.0525776222348213,3.16127014160156,3.85699110880237,4.85633324848298,0.193416602331605,0.124323524404283,0.4404296875,0.694717657772537,6.58098793029785,0.04931640625,2.8000933410549,0.320704519748688,0.405599355697632,0.161353468894958,0.111790403723717,0.0271530039608478,1.01194727520807,1.01231145858765,0.810929775238037,7.79277658462524,0.092730663716793,3.08995294570923,3.95013426547794,4.93318538034232,0.226930978979478,0.138986657484802,0.455078125,0.77741822156353,6.68245363235474,0.04931640625,4.88106022637032,0.268672347068787,0.278933554887772,0.27244821190834,0.179193586111069,-0.001019399613142,1.0016793022619,1.00167989730835,0.797861814498901,7.01791572570801,-0.0670199394226074,3.14740514755249,3.68744522225802,4.6295674626514,0.221080339630717,0.140011460506079,0.44970703125,0.795936632668349,6.72079420089722,0.04931640625,2.14798041175399,0.304479509592056,0.260886430740356,0.25299796462059,0.18088310956955,0.0426884293556213,0.959383727119995,0.960332989692688,0.769299268722534,6.78458404541016,0.0542489662766456,2.96449303627014,3.9868746387325,4.98284301343253,0.193437214041892,0.131712414341489,0.45361328125,0.71441455267964,6.60325765609741,0.04931640625,2.44714754236785,0.323257386684418,0.395034492015839,0.156957060098648,0.123298019170761
-0.0043157488107681,0.983543516205383,0.983552932739258,0.78679347038269,7.20861959457397,0.0197906047105789,3.00032424926758,3.98603574590125,4.98288100075797,0.195199260451812,0.126417831240116,0.4404296875,0.711006954779405,6.59423065185547,0.04931640625,2.6957817944433,0.321842283010483,0.396174311637878,0.161261916160583,0.120629981160164,0.0294819176197052,0.983045996235443,0.983487904071808,0.789129972457886,7.79277658462524,0.110919237136841,3.10698938369751,4.06590275613119,5.06934469477899,0.226628835872153,0.137639262590272,0.4541015625,0.767516332209811,6.67538928985596,0.04931640625,4.13506622674748,0.264118194580078,0.284691691398621,0.277951121330261,0.172754243016243,0.0023524286225438,1.0054292688833,1.00543200969696,0.801491439342499,7.01791572570801,-0.0791069567203521,3.12771940231323,3.67368426303496,4.60855102325765,0.220997851660692,0.140639792879882,0.4521484375,0.801936800972377,6.72684144973755,0.04931640625,2.41740489273713,0.307327926158905,0.258633017539978,0.253222107887268,0.180160492658615,0.0268207192420959,1.00414168934686,1.00449979305267,0.802806377410889,7.31400871276855,0.0265963748097419,3.05472660064697,4.04979898972068,5.07138855789909,0.193637520400293,0.132591038051906,0.4541015625,0.710684196321002,6.60496187210083,0.04931640625,2.66592462887765,0.324310660362244,0.395417809486389,0.151774853467941,0.127424791455269
-0.014035552740097,0.978488863514496,0.978589534759522,0.786850333213806,6.97452163696289,0.0275133848190307,2.99215316772461,4.09149270309505,5.08903632722647,0.196686851794638,0.125486790596864,0.44140625,0.721164068289368,6.61057376861572,0.04931640625,2.22483550372159,0.308233618736267,0.410438805818558,0.160218745470047,0.120902270078659,0.0219188295304775,1.00698924164636,1.00722777843475,0.799143970012665,7.79277658462524,0.1918685734272,3.26303362846375,3.93419738357473,4.96059012680117,0.228266690745375,0.136088838516655,0.4521484375,0.771021177088238,6.67841339111328,0.04931640625,2.62780626532311,0.254379749298096,0.29414889216423,0.27469727396965,0.176618590950966,0.0294054560363292,0.997658968971802,0.998092234134674,0.795873880386353,6.66461086273193,0.0364335179328918,3.05534219741821,3.3467198853028,4.19721741536925,0.22312159242899,0.138857275714047,0.4501953125,0.813487839301767,6.74005651473999,0.04931640625,2.74626927544592,0.295478940010071,0.261917114257812,0.265941649675369,0.175823464989662,0.0170676223933696,0.969568849609924,0.969718992710114,0.777849853038788,6.68539428710938,0.0823846608400344,2.94438171386719,3.64142370616027,4.54158567689602,0.195953765465916,0.129930019118039,0.45361328125,0.704221821089317,6.58370780944824,0.04931640625,2.17712909286119,0.306482523679733,0.414589166641235,0.153291761875153,0.124880403280258
0.0190527383238077,0.9698566208349,0.970043778419495,0.780054926872253,6.27132940292358,0.0042380988597869,2.9157919883728,3.31386548812112,4.12127968774113,0.194066107892337,0.126960653242937,0.44140625,0.71988770212051,6.6128396987915,0.04931640625,2.51977399602634,0.329705595970154,0.394562005996704,0.154088899493217,0.121503420174122,0.008678751066327,1.01657819847925,1.0166152715683,0.804472506046295,7.31947374343872,0.179922223091125,3.21866607666016,3.62449590619633,4.58082180210478,0.225484469491592,0.136161774554983,0.4501953125,0.757624792260223,6.66483640670776,0.04931640625,2.79309912282868,0.260521411895752,0.298254311084747,0.269356518983841,0.171163961291313,0.0146948909386992,0.988048852490021,0.988158106803894,0.785880863666534,6.71278858184814,-0.0174978524446487,3.12756013870239,3.57538605867844,4.49696525823457,0.218067729537712,0.13987204817795,0.44873046875,0.792641063419358,6.72084474563599,0.04931640625,2.70708766273283,0.315025687217712,0.256176054477692,0.257953077554703,0.170783519744873,0.003139030188322,1.00242722134454,1.00243210792542,0.798563241958618,7.10323047637939,0.0650828629732132,3.11332178115845,3.74275187787903,4.69876116903542,0.197057219964948,0.133441150135108,0.45458984375,0.709139228342195,6.60075044631958,0.04931640625,1.68008448518408,0.320358991622925,0.388749897480011,0.15577894449234,0.134553402662277
